col1,name,RMS,redshift_1,W1,W2,W3,W4,W5,W6,UNI_FLAG,MIZ2,detection,UNI_DET,peak_flux,int_flux,Quadrant,D_Mpc,D_cm,L_rad,L_2500,alpha_ro,alpha_MFS,alpha_inband,RAx,DECx,VOFF_CIV_PEAK_1,EW_CIV_1,PLATE_1,MJD_1,FIBER_1,SDSS_NAME,RA,DEC,REDSHIFT_2,PLATE_2,FIBER_2,MJD_2,TARGET_FLAG_TARGET,NSPECOBS,UNIFORM_TARGET,MI_Z2,LOGLBOL,LOGLBOL_ERR,BAL_FLAG,FIRST_FR_TYPE,FINT_REST6CM_MJY_OBS,LOGFNU2500A_ERGS_OBS,R_6CM_2500A,LOGL5100,LOGL5100_ERR,LOGL3000,LOGL3000_ERR,LOGL1350,LOGL1350_ERR,LOGL_BROAD_HA,LOGL_BROAD_HA_ERR,FWHM_BROAD_HA,FWHM_BROAD_HA_ERR,EW_BROAD_HA,EW_BROAD_HA_ERR,LOGL_NARROW_HA,LOGL_NARROW_HA_ERR,FWHM_NARROW_HA,FWHM_NARROW_HA_ERR,EW_NARROW_HA,EW_NARROW_HA_ERR,LOGL_NII_6585,LOGL_NII_6585_ERR,EW_NII_6585,EW_NII_6585_ERR,LOGL_SII_6718,LOGL_SII_6718_ERR,EW_SII_6718,EW_SII_6718_ERR,LOGL_SII_6732,LOGL_SII_6732_ERR,EW_SII_6732,EW_SII_6732_ERR,EW_FE_HA,EW_FE_HA_ERR,ALPHA_HA,ALPHA_HA_ERR,LINE_NPIX_HA,LINE_MED_SN_HA,LINE_REDCHI2_HA,LOGL_BROAD_HB,LOGL_BROAD_HB_ERR,FWHM_BROAD_HB,FWHM_BROAD_HB_ERR,EW_BROAD_HB,EW_BROAD_HB_ERR,LOGL_NARROW_HB,LOGL_NARROW_HB_ERR,FWHM_NARROW_HB,FWHM_NARROW_HB_ERR,EW_NARROW_HB,EW_NARROW_HB_ERR,FWHM_BROAD_HB_1GAUSS,LOGL_OIII_4959,LOGL_OIII_4959_ERR,EW_OIII_4959,EW_OIII_4959_ERR,LOGL_OIII_5007,LOGL_OIII_5007_ERR,EW_OIII_5007,EW_OIII_5007_ERR,EW_FE_HB_4434_4684,EW_FE_HB_4434_4684_ERR,ALPHA_HB,ALPHA_HB_ERR,LINE_NPIX_HB,LINE_MED_SN_HB,LINE_REDCHI2_HB,LOGL_MGII,LOGL_MGII_ERR,FWHM_MGII,FWHM_MGII_ERR,EW_MGII,EW_MGII_ERR,LOGL_BROAD_MGII,LOGL_BROAD_MGII_ERR,FWHM_BROAD_MGII,FWHM_BROAD_MGII_ERR,EW_BROAD_MGII,EW_BROAD_MGII_ERR,FWHM_BROAD_MGII_1GAUSS,EW_FE_MGII,EW_FE_MGII_ERR,ALPHA_MGII,ALPHA_MGII_ERR,LINE_NPIX_MGII,LINE_MED_SN_MGII,LINE_REDCHI2_MGII,LOGL_CIV,LOGL_CIV_ERR,FWHM_CIV,FWHM_CIV_ERR,EW_CIV_2,EW_CIV_ERR,ALPHA_CIV,ALPHA_CIV_ERR,LINE_NPIX_CIV,LINE_MED_SN_CIV,LINE_REDCHI2_CIV,VOFF_BROAD_HA,VOFF_BROAD_HA_ERR,VOFF_NARROW_HA,VOFF_NARROW_HA_ERR,VOFF_BROAD_HB,VOFF_BROAD_HB_ERR,VOFF_NARROW_HB,VOFF_NARROW_HB_ERR,VOFF_BROAD_MGII,VOFF_BROAD_MGII_ERR,VOFF_CIV_PEAK_2,VOFF_CIV_PEAK_ERR,LOGBH_HB_MD04,LOGBH_HB_MD04_ERR,LOGBH_HB_VP06,LOGBH_HB_VP06_ERR,LOGBH_MGII_MD04,LOGBH_MGII_MD04_ERR,LOGBH_MGII_VO09,LOGBH_MGII_VO09_ERR,LOGBH_MGII_S10,LOGBH_MGII_S10_ERR,LOGBH_CIV_VP06,LOGBH_CIV_VP06_ERR,LOGBH,LOGBH_ERR,LOGEDD_RATIO,SPECIAL_INTEREST_FLAG,Separation
233,SDSSJ001342.45-002412.6,,1.650561,0.02732,0.02415,0.0263,0.01611,-0.00745,-0.00511,0.0,-27.5209691618244,1.0,1,220.0,270.0,0,12528.5284255751,3.86630387213248E+28,31.2549360678698,31.1675777070331,-0.0416605196669278,,,3.42688,-0.403514,562.460634669891,52.6867149561592,389,51795,274,001342.45-002412.6,3.4268798828125,-0.40351399779319800,1.6409000158309900,389,274,51795,68,1,0,-27.520969161824400,47.01257931936190,0.00547159760101934,0,0,0.0,-26.634530840031000,-1.0,0.0,-1.0,46.30077209032070,0.00547159760101934,46.082453181903000,0.026254111680348300,0.0,-1.0,0.0,-1.0,0.0,-1.0,0.0,-1.0,0.0,-1.0,0.0,-1.0,0.0,-1.0,0.0,-1.0,0.0,-1.0,0.0,-1.0,0.0,-1.0,0.0,-1.0,0.0,-1.0,-999.0,-1.0,0,0.0,-1.0,0.0,-1.0,0.0,-1.0,0.0,-1.0,0.0,-1.0,0.0,-1.0,0.0,-1.0,0.0,0.0,-1.0,0.0,-1.0,0.0,-1.0,0.0,-1.0,0.0,-1.0,-999.0,-1.0,0,0.0,-1.0,44.087844364111400,0.047600139094278400,3847.9553419907600,339.5394398376050,17.574652345453600,2.1975312688408800,44.087844364111400,0.05008839325556030,3847.9553419907600,335.8698106051260,17.574652345453600,2.2116633351303800,4145.154421979210,64.07804085353620,9.422294369838050,-0.6402059532792700,0.024039683526414600,310,21.712243331475400,4.699444226121130,44.641811157237700,0.04372290563087940,5417.60498046875,803.681884765625,52.68671495615920,6.644047388937890,-0.5468004595774450,0.3164098673597730,280,8.43564785495459,0.8833278992153040,300000.0,-1.0,300000.0,-1.0,300000.0,-1.0,300000.0,-1.0,-960.9599077517910,188.17178271581000,562.4606346698910,106.90275669798500,0.0,-1.0,0.0,-1.0,9.166710102771310,0.024684428527499000,9.180846091413990,0.07669216763815840,9.336938742252480,0.07589087925083840,9.231314857770820,0.1296011388138550,9.336938742252480,0.07589087925083840,-0.4247299680081230,0,4.21939336792885E-04
293,SDSSJ014023.83+141151.7,,1.6503609,0.01581,0.04727,0.00394,0.03844,0.00287,1.5E-04,0.0,-26.0894882711029,1.0,1,495.0,515.0,1,12526.6502951896,3.86572428109551E+28,31.5352657081109,30.5949853507445,-0.448412355100327,,,25.099303,14.197709,647.980314633542,28.9672849567097,426,51882,514,014023.83+141151.7,25.099302291870100,14.197709083557100,1.6543999910354600,426,514,51882,4,1,0,-26.089488271102900,46.51422331561300,0.007897375589536180,1,-1,0.0,-27.036978790578300,-1.0,0.0,-1.0,45.80241608657180,0.007897375589536180,46.211835670800200,0.020783678494453300,0.0,-1.0,0.0,-1.0,0.0,-1.0,0.0,-1.0,0.0,-1.0,0.0,-1.0,0.0,-1.0,0.0,-1.0,0.0,-1.0,0.0,-1.0,0.0,-1.0,0.0,-1.0,0.0,-1.0,-999.0,-1.0,0,0.0,-1.0,0.0,-1.0,0.0,-1.0,0.0,-1.0,0.0,-1.0,0.0,-1.0,0.0,-1.0,0.0,0.0,-1.0,0.0,-1.0,0.0,-1.0,0.0,-1.0,0.0,-1.0,-999.0,-1.0,0,0.0,-1.0,44.028714003025100,0.03913007004314300,7488.438784841880,494.1820933981980,44.16617998552340,4.263390026605270,44.02320655471620,0.037558351184465300,7488.438784841880,491.61342912068400,43.609628761446900,4.330021178231080,7759.193700098610,108.85248165335600,12.12885811042310,-1.9341793516310900,0.06475101369294350,310,10.645272247841600,1.110331075136960,44.41126197063020,0.0392034397117591,7858.216796875,779.729736328125,28.967284956709700,3.167566867852110,-2.218968023828970,0.30580350848216100,280,8.898058092945900,1.2351306070752600,300000.0,-1.0,300000.0,-1.0,300000.0,-1.0,300000.0,-1.0,89.8353728601734,521.7526313508550,647.9803146335420,160.32549460368700,0.0,-1.0,0.0,-1.0,9.402281139409890,0.03599832229616150,9.509990611180940,0.057456354994361300,9.606280541569550,0.05723239959699150,9.62292091792379,0.08688662104830420,9.606280541569550,0.05723239959699150,-1.1924277710741600,0,0.0024896395195753100
1270,SDSSJ014658.21-091505.2,10.0,1.6508549,0.02277,0.03147,0.02065,0.02196,-0.00505,0.00193,0.0,-26.3366662899303,-1.0,-2,0.0,30.0,0,12531.2870452285,3.86715518215752E+28,30.3008607129891,30.6938565582754,0.187416647757116,,,26.742564,-9.25147,262.949177464836,35.0665733257263,664,52174,543,014658.21-091505.2,26.742563247680700,-9.251469612121580,1.6516000032424900,664,543,52174,1048580,1,0,-26.3366662899303,46.484855357262100,0.009219681945609180,0,0,0.0,-27.09519939913980,-1.0,0.0,-1.0,45.77304812822090,0.009219681945609180,46.045792126952600,0.025140328155625700,0.0,-1.0,0.0,-1.0,0.0,-1.0,0.0,-1.0,0.0,-1.0,0.0,-1.0,0.0,-1.0,0.0,-1.0,0.0,-1.0,0.0,-1.0,0.0,-1.0,0.0,-1.0,0.0,-1.0,-999.0,-1.0,0,0.0,-1.0,0.0,-1.0,0.0,-1.0,0.0,-1.0,0.0,-1.0,0.0,-1.0,0.0,-1.0,0.0,0.0,-1.0,0.0,-1.0,0.0,-1.0,0.0,-1.0,0.0,-1.0,-999.0,-1.0,0,0.0,-1.0,43.7936284130072,0.03559355615567480,4602.063059568030,1461.0798990673300,28.240772896739000,2.6945653164070800,43.76822948327540,0.03691594791089510,6846.715611876580,1317.6367904065200,26.636530058698300,2.5870800854256700,8015.453918347450,81.51646219829400,14.74315081526510,-1.552698581975850,0.0520731672575091,311,9.97636139565047,1.0501156766614000,44.34292659011770,0.04549401340262800,4946.650390625,761.512451171875,35.066573325726300,4.862296417436230,-1.9169492142950400,0.3474033537953340,281,8.096472301678060,0.9161691161599920,300000.0,-1.0,300000.0,-1.0,300000.0,-1.0,300000.0,-1.0,489.603501068838,481.4130979504090,262.94917746483600,267.3524295589270,0.0,-1.0,0.0,-1.0,9.412296061128980,0.05972582590214280,9.072429194659600,0.27580134543430200,9.510254417896230,0.1672559251801130,9.132892261804330,0.1343772215574190,9.510254417896230,0.1672559251801130,-1.1257696057516600,0,0.003015857841418200
1281,SDSSJ015720.27-093809.1,23.7,1.650784,0.03413,0.02012,0.01647,0.03683,6.7E-04,-0.00521,0.0,-26.2989031734956,-1.0,-2,0.0,71.1,0,12530.6215505167,3.86694981048945E+28,30.6755687378387,30.6787513117016,0.00151774460666271,,,29.334464,-9.635872,444.83115357612,43.6745681571742,666,52149,298,015720.27-093809.1,29.334463119506800,-9.635871887207030,1.649399995803830,666,298,52149,4,1,0,-26.298903173495600,46.43800864735040,0.0050411945155453,0,0,0.0,-27.153536337445400,-1.0,0.0,-1.0,45.726201418309200,0.0050411945155453,45.889082167622900,0.018422875538057300,0.0,-1.0,0.0,-1.0,0.0,-1.0,0.0,-1.0,0.0,-1.0,0.0,-1.0,0.0,-1.0,0.0,-1.0,0.0,-1.0,0.0,-1.0,0.0,-1.0,0.0,-1.0,0.0,-1.0,-999.0,-1.0,0,0.0,-1.0,0.0,-1.0,0.0,-1.0,0.0,-1.0,0.0,-1.0,0.0,-1.0,0.0,-1.0,0.0,0.0,-1.0,0.0,-1.0,0.0,-1.0,0.0,-1.0,0.0,-1.0,-999.0,-1.0,0,0.0,-1.0,43.821585059961100,0.013744721940863500,3755.2154249631100,351.32155415736000,33.92047078545190,1.145625785289740,43.816281892332600,0.01848220165687660,3755.2154249631100,534.832493627822,33.50878674681890,1.443310911179220,5197.561113452400,81.62157627402410,7.381520356608240,-1.3941313331629500,0.03306943103647490,310,13.551411337790600,1.279312914125830,44.32193260947220,0.03204054173778910,3952.588623046880,451.7974853515630,43.67456815717420,3.941333120225580,-1.2720548223037200,0.2669127507168510,280,9.3571147926698,1.0410784440936600,300000.0,-1.0,300000.0,-1.0,300000.0,-1.0,300000.0,-1.0,-215.629155818866,187.53414462081600,444.8311535761200,187.1299718673610,0.0,-1.0,0.0,-1.0,9.006994066696080,0.0313517618284274,8.872370421496290,0.08130047290089540,8.959514591693400,0.1237473212018840,8.854976781352250,0.0997623437033632,8.959514591693400,0.1237473212018840,-0.6218764894605680,0,0.0031513243834065800
7944,SDSSJ081656.84+492438.1,9.3,1.650785,0.04669,8E-04,0.03072,0.02102,-0.00724,-0.00474,0.0,-26.1361258215558,-1.0,-2,0.0,27.9,3,12530.6309368604,3.86695270711512E+28,30.2693039091003,30.6136403709256,0.164211368007797,,,124.236843,49.410604,423.439007686516,31.5393278561213,440,51885,552,081656.84+492438.1,124.2368392944340,49.41060256958010,1.646399974823000,440,552,51885,1048580,2,0,-26.136125821555800,46.47286172769950,0.006821101336207390,0,0,0.0,-27.114832399872500,-1.0,0.0,-1.0,45.761054498658300,0.006821101336207390,46.01538704666370,0.018696929090442200,0.0,-1.0,0.0,-1.0,0.0,-1.0,0.0,-1.0,0.0,-1.0,0.0,-1.0,0.0,-1.0,0.0,-1.0,0.0,-1.0,0.0,-1.0,0.0,-1.0,0.0,-1.0,0.0,-1.0,-999.0,-1.0,0,0.0,-1.0,0.0,-1.0,0.0,-1.0,0.0,-1.0,0.0,-1.0,0.0,-1.0,0.0,-1.0,0.0,0.0,-1.0,0.0,-1.0,0.0,-1.0,0.0,-1.0,0.0,-1.0,-999.0,-1.0,0,0.0,-1.0,43.77667199501830,0.026047199515797800,2802.840285214990,347.88872668934300,28.16977518589080,1.7934057506297900,43.76942203951000,0.03274355115611980,2802.840285214990,1255.7252177855200,27.703422506624100,2.0794101761373600,5485.214584459420,50.93998620473170,11.79682743144230,-1.4243843568598900,0.04194759773923600,310,11.353679122240200,1.1970027726117100,44.26231429732000,0.027752233877624400,4754.9404296875,451.820556640625,31.53932785612130,2.7037890836216300,-2.055766064856470,0.3236378263405480,280,8.975661959892990,1.101824877942880,300000.0,-1.0,300000.0,-1.0,300000.0,-1.0,300000.0,-1.0,-320.736387246662,321.86068142709500,423.4390076865160,106.97917670968900,0.0,-1.0,0.0,-1.0,9.075391011628120,0.05048488036831910,8.635723951288520,0.10786325415830900,8.727050491127520,0.3891671884157820,9.082445295587720,0.08312718911448350,8.727050491127520,0.3891671884157820,-0.35455930854556800,0,0.010092116945237600
4892,SDSSJ082334.60+213917.5,13.0,1.6515239,0.03899,0.02024,0.01707,0.01689,0.00736,-0.00132,1.0,-27.3155471628648,-1.0,-1,0.0,39.0,4,12537.5668311254,3.8690931240853E+28,30.415184436167,31.0854089074492,0.319624813236859,,,125.894208,21.654881,498.304830790992,25.8463263533121,1927,53321,481,082334.60+213917.5,125.89421081543000,21.65488052368160,1.6390999555587800,1927,481,53321,1048578,1,1,-27.315547162864800,46.90502509160270,0.0036753213846729700,0,0,0.0,-26.665208034235100,-1.0,0.0,-1.0,46.19321786256150,0.0036753213846729700,46.513267606599800,0.006610236708098680,0.0,-1.0,0.0,-1.0,0.0,-1.0,0.0,-1.0,0.0,-1.0,0.0,-1.0,0.0,-1.0,0.0,-1.0,0.0,-1.0,0.0,-1.0,0.0,-1.0,0.0,-1.0,0.0,-1.0,-999.0,-1.0,0,0.0,-1.0,0.0,-1.0,0.0,-1.0,0.0,-1.0,0.0,-1.0,0.0,-1.0,0.0,-1.0,0.0,0.0,-1.0,0.0,-1.0,0.0,-1.0,0.0,-1.0,0.0,-1.0,-999.0,-1.0,0,0.0,-1.0,44.141424250921600,0.01128218452626940,2764.852965211890,363.53412752635600,23.8273502755749,0.6059616812023950,44.12296319466510,0.014557686968128500,2764.852965211890,407.3778311388790,22.83571914379860,0.8096736013806770,3737.7745814116600,54.06021119864330,3.1712069137129800,-1.600015148171470,0.030621698882336200,310,23.919669207520400,0.9634778890120610,44.67137538296340,0.04465640815683970,6474.8828125,398.9931640625,25.846326353312100,2.635011884642860,-2.120475722747960,0.13199020027521800,280,20.76952617494560,1.1796154607384000,300000.0,-1.0,300000.0,-1.0,300000.0,-1.0,300000.0,-1.0,-1267.5968528511300,107.7093748846350,498.3048307909920,240.7676794776130,0.0,-1.0,0.0,-1.0,9.010171265705690,0.018483929308629800,8.839953012258360,0.11422039799240300,8.983139155765730,0.12799956347350900,9.614495656743410,0.053638448555431500,8.983139155765730,0.12799956347350900,-0.17848460928061600,0,0.009575009308398770
3648,SDSSJ082423.61+260656.3,7.5,1.6501319,0.04131,0.00978,0.02814,0.01413,0.00385,-0.0013,1.0,-26.1578820770274,-1.0,-1,0.0,22.5,3,12524.5009690226,3.86506099904037E+28,30.175510714711,30.6223428731143,0.213090764806979,,,126.098409,26.115647,712.104034521381,22.8324434053977,1586,52945,327,082423.61+260656.3,126.0984115600590,26.115646362304700,1.6450999975204500,1586,327,52945,2,1,1,-26.157882077027400,46.517092381434500,0.0059573191540032200,0,0,0.0,-27.045242970451600,-1.0,0.0,-1.0,45.8052851523933,0.0059573191540032200,46.17002117235950,0.011215646174484600,0.0,-1.0,0.0,-1.0,0.0,-1.0,0.0,-1.0,0.0,-1.0,0.0,-1.0,0.0,-1.0,0.0,-1.0,0.0,-1.0,0.0,-1.0,0.0,-1.0,0.0,-1.0,0.0,-1.0,-999.0,-1.0,0,0.0,-1.0,0.0,-1.0,0.0,-1.0,0.0,-1.0,0.0,-1.0,0.0,-1.0,0.0,-1.0,0.0,0.0,-1.0,0.0,-1.0,0.0,-1.0,0.0,-1.0,0.0,-1.0,-999.0,-1.0,0,0.0,-1.0,43.778375962029100,0.058060508557876000,2971.81503639981,254.48699790444100,24.99418901800560,3.2592924549360300,43.769167316441500,0.058805627337211100,2971.81503639981,295.1657451973900,24.469799128038100,3.136755969536360,3299.008402907640,62.37898511840370,10.600595020039600,-1.7366700022035800,0.049518067067019400,310,10.60194136412060,1.425210458040110,44.25830680443320,0.0574088804340569,5271.5595703125,426.88623046875,22.832443405397700,3.4503124076807400,-2.445167865083730,0.18098652627854200,280,11.477016663901400,0.9214165974223050,300000.0,-1.0,300000.0,-1.0,300000.0,-1.0,300000.0,-1.0,-593.5243270644310,134.19247701270300,712.104034521381,347.6513397041200,0.0,-1.0,0.0,-1.0,8.661193616281090,0.04644924102382640,8.708686127712450,0.0744399532503122,8.805320345999640,0.08634877046216410,9.253989458447670,0.07058829780796860,8.805320345999640,0.08634877046216410,-0.3885985096827160,0,0.008587834944056810
1902,SDSSJ082928.79+401608.4,13.0,1.65065,0.01796,0.02038,0.04228,0.01654,4.2E-04,-0.00382,1.0,-26.2002213282118,-1.0,-1,0.0,39.0,2,12529.3637912196,3.86656166597037E+28,30.4146875325755,30.639278573588,0.107105712509961,,,127.369984,40.269003,359.253397156359,51.3258779095083,894,52615,524,082928.79+401608.4,127.36998748779300,40.269004821777300,1.6484999656677200,894,524,52615,1048578,1,1,-26.200221328211800,46.505937938241700,0.005059381654170640,0,0,0.0,-27.109332012792500,-1.0,0.0,-1.0,45.794130709200500,0.005059381654170640,45.941160185328600,0.017478009523976800,0.0,-1.0,0.0,-1.0,0.0,-1.0,0.0,-1.0,0.0,-1.0,0.0,-1.0,0.0,-1.0,0.0,-1.0,0.0,-1.0,0.0,-1.0,0.0,-1.0,0.0,-1.0,0.0,-1.0,-999.0,-1.0,0,0.0,-1.0,0.0,-1.0,0.0,-1.0,0.0,-1.0,0.0,-1.0,0.0,-1.0,0.0,-1.0,0.0,0.0,-1.0,0.0,-1.0,0.0,-1.0,0.0,-1.0,0.0,-1.0,-999.0,-1.0,0,0.0,-1.0,43.726633325425800,0.03058679546036560,3152.5167426301800,250.43802004338200,23.811292043803100,1.763051832170540,43.72287847994140,0.034328476544303000,3152.5167426301800,294.11774621028300,23.606310551608200,2.182100474388150,3834.096652757750,54.69241129344350,6.216034565360110,-1.0889925384090000,0.03904232475743860,310,11.713301684116400,1.1180193122023800,44.39317412480710,0.03432947936683210,3214.2490234375,204.340576171875,51.32587790950830,4.260665485679320,-2.144893316595930,0.2780785107834980,281,10.143829372522100,1.1921638394022600,300000.0,-1.0,300000.0,-1.0,300000.0,-1.0,300000.0,-1.0,2.5460789099848900,133.92902761005000,359.2533971563590,53.48958750124350,0.0,-1.0,0.0,-1.0,8.784837131420390,0.0535095621591725,8.754380158072310,0.06904763869339220,8.849675843176360,0.08109671456243710,8.702973939479060,0.05599071024587800,8.849675843176360,0.08109671456243710,-0.44410845005224100,0,0.011610276359179100
6463,SDSSJ090502.96+154553.0,12.0,1.650998,0.02679,0.02556,0.02106,0.02923,0.00709,-0.00111,1.0,-26.1735390388328,-1.0,-1,0.0,36.0,0,12532.6302551556,3.86756969674102E+28,30.380123334947,30.6286056578364,0.118499278151163,,,136.262365,15.764731,765.529967700955,40.3527867246522,2435,53828,204,090502.96+154553.0,136.26235961914100,15.764731407165500,1.6519999504089400,2435,204,53828,1048578,1,1,-26.17353903883280,46.45143248295920,0.008139222156739120,0,0,0.0,-27.137268758873200,-1.0,0.0,-1.0,45.73962525391800,0.008139222156739120,46.03015974631640,0.018837622881260800,0.0,-1.0,0.0,-1.0,0.0,-1.0,0.0,-1.0,0.0,-1.0,0.0,-1.0,0.0,-1.0,0.0,-1.0,0.0,-1.0,0.0,-1.0,0.0,-1.0,0.0,-1.0,0.0,-1.0,-999.0,-1.0,0,0.0,-1.0,0.0,-1.0,0.0,-1.0,0.0,-1.0,0.0,-1.0,0.0,-1.0,0.0,-1.0,0.0,0.0,-1.0,0.0,-1.0,0.0,-1.0,0.0,-1.0,0.0,-1.0,-999.0,-1.0,0,0.0,-1.0,43.884895063033100,0.02432541786439660,4477.92630491763,519.8854354357790,37.912771111422000,2.4382349989986500,43.867161488025000,0.031199964637522700,4477.92630491763,359.11553667557500,36.395857328422100,2.779166351131280,5398.057787818390,90.29487904799980,14.141859477256900,-1.4459435854337300,0.05377367148610250,310,10.897492442294200,1.1375291587552100,44.36833586534110,0.03667235216929750,4464.1142578125,312.3544921875,40.35278672465220,4.500932762227170,-2.300830881452160,0.26313142334620400,280,9.011944531976440,1.0657014861099300,300000.0,-1.0,300000.0,-1.0,300000.0,-1.0,300000.0,-1.0,76.5234695268809,186.87924685068200,765.5299677009550,80.12694973199500,0.0,-1.0,0.0,-1.0,9.048192694743700,0.03891008008452230,9.031966510835380,0.10092491105191300,9.120721541305530,0.06984063840693470,9.03545526899388,0.061589854683794500,9.120721541305530,0.06984063840693470,-0.7696596034639290,0,0.018699994632842100
4951,SDSSJ092933.99+300240.8,,1.651654,0.02142,0.0397,0.00225,0.05299,-0.01012,-0.0038,1.0,-26.8418189510344,1.0,2,116.0,125.0,2,12538.7881188267,3.86947001346992E+28,30.9211037931966,30.8959176227171,-0.0120110878975536,,,142.391663,30.044674,145.201956246888,65.8211912300543,1939,53389,538,092933.99+300240.8,142.39166259765600,30.044673919677700,1.6491999626159700,1939,538,53389,1048579,1,1,-26.841818951034400,46.69560202946350,0.0029310135024829300,0,0,0.0,-26.911859974897600,-1.0,0.0,-1.0,45.98379480042230,0.0029310135024829300,46.15109849565180,0.012490954034646500,0.0,-1.0,0.0,-1.0,0.0,-1.0,0.0,-1.0,0.0,-1.0,0.0,-1.0,0.0,-1.0,0.0,-1.0,0.0,-1.0,0.0,-1.0,0.0,-1.0,0.0,-1.0,0.0,-1.0,-999.0,-1.0,0,0.0,-1.0,0.0,-1.0,0.0,-1.0,0.0,-1.0,0.0,-1.0,0.0,-1.0,0.0,-1.0,0.0,0.0,-1.0,0.0,-1.0,0.0,-1.0,0.0,-1.0,0.0,-1.0,-999.0,-1.0,0,0.0,-1.0,44.1885410209383,0.02001878379483560,6568.765332912210,162.9218181087260,44.2510484425442,2.2491707749308200,44.181988378842500,0.02222973724672880,6568.634712481350,176.05359580157900,43.597052083222600,2.3600337942945900,6568.634712481350,80.8247204625452,4.797560061298780,-1.1918869171150400,0.025990135812228000,311,17.59058641007530,1.1174674701948800,44.73237971126310,0.035147886773462000,8492.59375,706.29541015625,65.82119123005430,5.56897878122561,-1.7683959925543600,0.172122105903041,280,12.3131990456595,0.9841794652325390,300000.0,-1.0,300000.0,-1.0,300000.0,-1.0,300000.0,-1.0,-49.92899561476360,241.1153390585990,145.20195624688800,240.68166855249400,0.0,-1.0,0.0,-1.0,9.370052976668670,0.018371442918661900,9.486864894431740,0.021592968982646600,9.604902998348760,0.023350878216001200,9.658162902212440,0.07253982813427130,9.604902998348760,0.023350878216001200,-1.0096715140028700,0,0.0012867302547979700
4953,SDSSJ092959.42+270541.6,,1.651503,0.03306,0.01732,0.02565,0.0241,0.0101,-0.00121,1.0,-27.0290285440164,1.0,2,115.0,164.0,4,12537.3706384349,3.86903257902101E+28,31.0389517966838,30.9708014599099,-0.0325003630824086,,,142.497601,27.094903,369.951954497296,34.9952437113031,1940,53383,120,092959.42+270541.6,142.4976043701170,27.09490394592290,1.6468000411987300,1940,120,53383,1048578,1,1,-27.02902854401640,46.79310058363470,0.003245361126886340,0,0,0.0,-26.788962542391600,-1.0,0.0,-1.0,46.081293354593500,0.003245361126886340,46.361338324168100,0.010183640560612200,0.0,-1.0,0.0,-1.0,0.0,-1.0,0.0,-1.0,0.0,-1.0,0.0,-1.0,0.0,-1.0,0.0,-1.0,0.0,-1.0,0.0,-1.0,0.0,-1.0,0.0,-1.0,0.0,-1.0,-999.0,-1.0,0,0.0,-1.0,0.0,-1.0,0.0,-1.0,0.0,-1.0,0.0,-1.0,0.0,-1.0,0.0,-1.0,0.0,0.0,-1.0,0.0,-1.0,0.0,-1.0,0.0,-1.0,0.0,-1.0,-999.0,-1.0,0,0.0,-1.0,44.14996002890790,0.011417720922057800,3132.8276808273200,216.29728829838900,31.667511477085100,0.9335682963437360,44.098019246092900,0.020504380133683500,4879.781902106300,298.963646237343,28.168369391333400,1.5540973984007500,4879.781902106300,72.87398906965150,3.9533867768786600,-1.4979530629204200,0.027328422799214300,311,19.376544218513300,0.9597532604516210,44.64054613574940,0.019047912111052100,6459.78955078125,398.341796875,34.995243711303100,2.05675446206207,-2.2854707786717700,0.15786055157089800,280,14.832220882676300,1.1207368926834200,300000.0,-1.0,300000.0,-1.0,300000.0,-1.0,300000.0,-1.0,-502.05507893859400,161.0741328287020,369.9519544972960,106.97917670968900,0.0,-1.0,0.0,-1.0,9.172352682161630,0.024826237786334500,8.892519692196450,0.059991235125590600,9.407202703841720,0.053252807679180000,9.531946051073810,0.053832642064979400,9.407202703841720,0.053252807679180000,-0.7144726653246420,0,0.011325029128926700
8181,SDSSJ095648.48+534713.5,7.9,1.651423,0.03044,0.0144,0.03226,0.024,0.00269,-0.00107,1.0,-26.5830969996376,-1.0,-2,0.0,23.7,3,12536.6196664251,3.86880082905879E+28,30.1988108175229,30.7924288421584,0.283091797431948,,,149.202005,53.787094,155.908161509191,38.88199751784,769,52282,69,095648.48+534713.5,149.20201110839800,53.78709411621090,1.6476000547409100,769,69,52282,3,2,1,-26.58309699963760,46.54579039866490,0.008110817693786740,0,0,0.0,-27.059374320258700,-1.0,0.0,-1.0,45.8339831696237,0.008110817693786740,45.81745177268600,0.04076640499962640,0.0,-1.0,0.0,-1.0,0.0,-1.0,0.0,-1.0,0.0,-1.0,0.0,-1.0,0.0,-1.0,0.0,-1.0,0.0,-1.0,0.0,-1.0,0.0,-1.0,0.0,-1.0,0.0,-1.0,-999.0,-1.0,0,0.0,-1.0,0.0,-1.0,0.0,-1.0,0.0,-1.0,0.0,-1.0,0.0,-1.0,0.0,-1.0,0.0,0.0,-1.0,0.0,-1.0,0.0,-1.0,0.0,-1.0,0.0,-1.0,-999.0,-1.0,0,0.0,-1.0,43.93593535265850,0.021694136583846600,3218.158592323070,450.46504701943800,34.877880235529700,2.0963622003750900,43.92738612459690,0.03731292428103930,3218.158592323070,418.3280647083890,34.19801149779560,2.9178647217736700,5315.146234455100,66.76140670427050,21.704264023799300,-1.211101114126890,0.05559666564975600,310,10.527081552988700,1.163857698129310,44.232573660170600,0.0554129179256897,3329.957763671880,528.529052734375,38.88199751784000,6.470103765584450,-0.7484284847426230,0.453410934397401,280,5.468959223018580,1.0440451224383100,300000.0,-1.0,300000.0,-1.0,300000.0,-1.0,300000.0,-1.0,-29.963713720405200,187.73527024444900,155.90816150919100,133.83151975625400,0.0,-1.0,0.0,-1.0,9.093249978832040,0.0478195801971177,8.792206469852880,0.12164924653554200,8.892284450207720,0.1130197085981220,8.668126889646980,0.1395447867764600,8.892284450207720,0.1130197085981220,-0.44686459666039000,0,0.012998288161826600
6881,SDSSJ100723.31+162842.6,9.9,1.651005,0.03347,0.01634,0.02807,0.01884,8E-05,-9.5E-04,1.0,-26.8614170797608,-1.0,-1,0.0,29.7,3,12532.695961367,3.86758997367786E+28,30.296581263953,30.9037568742076,0.289557304075054,,,151.847151,16.478509,134.495368444821,47.3872406307254,2587,54138,313,100723.31+162842.6,151.84715270996100,16.4785099029541,1.642899990081790,2587,313,54138,2,1,1,-26.861417079760800,46.731863762306700,0.0028455166642409300,0,0,0.0,-26.882884742771800,-1.0,0.0,-1.0,46.020056533265500,0.0028455166642409300,46.24284318003300,0.015610476638478600,0.0,-1.0,0.0,-1.0,0.0,-1.0,0.0,-1.0,0.0,-1.0,0.0,-1.0,0.0,-1.0,0.0,-1.0,0.0,-1.0,0.0,-1.0,0.0,-1.0,0.0,-1.0,0.0,-1.0,-999.0,-1.0,0,0.0,-1.0,0.0,-1.0,0.0,-1.0,0.0,-1.0,0.0,-1.0,0.0,-1.0,0.0,-1.0,0.0,0.0,-1.0,0.0,-1.0,0.0,-1.0,0.0,-1.0,0.0,-1.0,-999.0,-1.0,0,0.0,-1.0,43.96389204372040,0.01771856343350460,3135.9120898436000,304.08039656518300,24.48801314732130,0.987378601621252,43.959055296176500,0.01886932186117820,3135.9120898436000,350.4549283364150,24.216802628855100,1.2439030427862100,5251.336540161130,65.08562133410990,4.3341072353627200,-1.0612149158475500,0.023840149054618200,310,18.539730270218500,1.2513828321006600,44.69756103321980,0.03335409674553700,4651.22705078125,310.704833984375,47.38724063072540,4.265003139656080,-1.5769409883405500,0.2212413244433290,281,10.22670178974240,1.1013703723143800,300000.0,-1.0,300000.0,-1.0,300000.0,-1.0,300000.0,-1.0,-204.80004844504200,107.44031957441700,134.49536844482100,107.09390916907400,0.0,-1.0,0.0,-1.0,9.198124732192210,0.03308108339116920,8.862756025530670,0.08423659539475680,8.985162809522540,0.09708548765160940,9.18384196585725,0.05860918390203290,8.985162809522540,0.09708548765160940,-0.35366959233338200,0,0.006738858199916840
2361,SDSSJ101946.98+494848.6,,1.651321,0.04285,0.02072,0.01627,0.00189,0.00441,0.00834,1.0,-26.6345476434195,1.0,2,2570.0,2175.38,0,12535.66218,3.868505348748E+28,32.1615396155472,30.8130090996711,-0.643103665636852,,,154.945784,49.813513,573.151931545886,6.71107684286524,1007,52706,14,101946.98+494848.6,154.94578552246100,49.813514709472700,1.642699956893920,1007,14,52706,1048586,1,1,-26.63454764341950,46.654202351587900,0.005751581693552060,0,1,2.4205149053558100,-26.869040121731800,17.903909876648100,0.0,-1.0,45.942395122546700,0.005751581693552060,46.22229647854520,0.012081480866058300,0.0,-1.0,0.0,-1.0,0.0,-1.0,0.0,-1.0,0.0,-1.0,0.0,-1.0,0.0,-1.0,0.0,-1.0,0.0,-1.0,0.0,-1.0,0.0,-1.0,0.0,-1.0,0.0,-1.0,-999.0,-1.0,0,0.0,-1.0,0.0,-1.0,0.0,-1.0,0.0,-1.0,0.0,-1.0,0.0,-1.0,0.0,-1.0,0.0,0.0,-1.0,0.0,-1.0,0.0,-1.0,0.0,-1.0,0.0,-1.0,-999.0,-1.0,0,0.0,-1.0,43.74335678774700,0.03184777098611490,2970.2940391578600,413.39239310969800,16.26543203670710,1.2118943133639600,43.66876288829670,0.03600867794099830,4081.5914569234100,730.4596223679660,13.698458674930000,1.2012394929120800,4715.803808251150,101.13886208260500,8.67910095412546,-2.2156377744098900,0.041687526941293300,310,12.546848264745600,1.1374097188585800,43.87013809001940,0.06922156016883110,5281.90478515625,2399.805419921880,6.711076842865240,1.2444876553210000,-0.844517353971311,0.19464578179590800,280,10.358694783083900,1.1240091098959400,300000.0,-1.0,300000.0,-1.0,300000.0,-1.0,300000.0,-1.0,-1029.642852061470,349.7117527022850,573.1519315458860,347.5271460689540,0.0,-1.0,0.0,-1.0,9.056546411959920,0.06989145451792850,8.776796448636920,0.12092057362326500,9.165944040490510,0.15548741157085200,9.28339826979639,0.3946907318553900,9.165944040490510,0.15548741157085200,-0.6121122340202230,0,0.007097960166536520
5453,SDSSJ104031.38+362611.6,,1.650389,0.03042,0.0225,0.02062,0.02899,-2.7E-04,-0.00643,1.0,-26.6041282377845,1.0,2,102.0,123.0,3,12526.9140377622,3.86580567205341E+28,30.9133795757833,30.8008413374171,-0.0536686065057994,,,160.130766,36.436579,230.8408883869,36.3458484478709,2096,53446,563,104031.38+362611.6,160.13076782226600,36.436580657959000,1.6454999446868900,2096,563,53446,1048578,1,1,-26.604128237784500,46.61788371854310,0.009765741917551200,0,0,0.0,-26.97068858086610,-1.0,0.0,-1.0,45.906076489501900,0.009765741917551200,46.16289612861010,0.011866177251185700,0.0,-1.0,0.0,-1.0,0.0,-1.0,0.0,-1.0,0.0,-1.0,0.0,-1.0,0.0,-1.0,0.0,-1.0,0.0,-1.0,0.0,-1.0,0.0,-1.0,0.0,-1.0,0.0,-1.0,-999.0,-1.0,0,0.0,-1.0,0.0,-1.0,0.0,-1.0,0.0,-1.0,0.0,-1.0,0.0,-1.0,0.0,-1.0,0.0,0.0,-1.0,0.0,-1.0,0.0,-1.0,0.0,-1.0,0.0,-1.0,-999.0,-1.0,0,0.0,-1.0,43.938218133148400,0.011577579970520400,3846.997355346010,388.58269474363600,29.296012658874200,0.9831011913830970,43.938218133148400,0.02111328906386230,3846.997355346010,509.51078808241400,29.296012658874200,1.5009989055046500,6050.087587656220,72.90081976290880,17.253019538980500,-1.4077718344679700,0.02666154850284840,311,13.6830292186882,1.0840181500413000,44.48154325546390,0.03018095694275050,5128.71337890625,483.274169921875,36.3458484478709,3.2861263402841200,-1.8236930600267300,0.186939371257133,281,11.720192941469900,0.9870666648975920,300000.0,-1.0,300000.0,-1.0,300000.0,-1.0,300000.0,-1.0,-323.4657656786750,161.01659132148000,230.84088838690000,160.49743963897400,0.0,-1.0,0.0,-1.0,9.250440725846740,0.038004455150893500,8.983282020245250,0.08787137647317930,9.092011198985470,0.1151984141531050,9.226351806057950,0.0820876478832609,9.092011198985470,0.1151984141531050,-0.5744980255599540,0,0.007967394721071360
22,SDSSJ104852.52+003230.0,16.0,1.650584,0.04427,0.00762,0.02254,0.02966,-0.0098,8.1E-04,0.0,-27.1044833085041,-1.0,-2,0.0,48.0,3,12528.7443056819,3.86637049273343E+28,30.5048266234184,31.000983365705,0.236613273439833,,,162.218859,0.541673,605.223530269876,43.6330803834802,276,51909,348,104852.52+003230.0,162.21885681152300,0.5416730046272280,1.6461999416351300,276,348,51909,1048580,1,0,-27.10448330850410,46.83618372699250,0.011063563324320600,0,0,0.0,-26.761816600528800,-1.0,0.0,-1.0,46.12437649795130,0.011063563324320600,46.21589312668820,0.010708190451243400,0.0,-1.0,0.0,-1.0,0.0,-1.0,0.0,-1.0,0.0,-1.0,0.0,-1.0,0.0,-1.0,0.0,-1.0,0.0,-1.0,0.0,-1.0,0.0,-1.0,0.0,-1.0,0.0,-1.0,-999.0,-1.0,0,0.0,-1.0,0.0,-1.0,0.0,-1.0,0.0,-1.0,0.0,-1.0,0.0,-1.0,0.0,-1.0,0.0,0.0,-1.0,0.0,-1.0,0.0,-1.0,0.0,-1.0,0.0,-1.0,-999.0,-1.0,0,0.0,-1.0,44.17575313768760,0.01199349000228270,4027.4830482654200,287.2998080884480,30.86773534545300,1.436110539603040,44.17095364539090,0.021088446137277100,4027.4830482654200,335.5471137184640,30.52848662402970,2.089511219264370,4442.703427737340,91.26713111584010,28.683669212666000,-1.292997807860500,0.03348340387410750,311,23.449222807285100,1.1536257342537600,44.6481415384823,0.01367884879052990,6162.5400390625,210.41357421875,43.63308038348020,1.9437656291874400,-1.3035779970436000,0.13313306596280800,280,16.089957678676500,1.0545445434027600,300000.0,-1.0,300000.0,-1.0,300000.0,-1.0,300000.0,-1.0,-381.80224025158400,187.7017343341080,605.2235302698760,106.88366022650700,0.0,-1.0,0.0,-1.0,9.117558052889500,0.020999816670558800,9.132255691262300,0.062207089546612700,9.26718087101645,0.07269028825977260,9.413942865102730,0.030195224066967700,9.26718087101645,0.07269028825977260,-0.5313676891415400,0,0.00787818119895643
653,SDSSJ105814.69+015230.6,17.0,1.651886,0.01892,0.03231,0.01612,0.04751,0.01799,0.00535,0.0,-26.4491283405663,-1.0,-2,0.0,51.0,1,12540.9660222792,3.87014211447536E+28,30.5318958133295,30.7388413785298,0.0986907229764394,,,164.561246,1.875186,904.392733752067,74.437465403446,508,52366,276,105814.69+015230.6,164.56124877929700,1.8751859664917000,1.6545000076293900,508,276,52366,1048580,1,0,-26.449128340566300,46.52747778086480,0.008127741948168680,0,0,0.0,-27.042584279081000,-1.0,0.0,-1.0,45.81567055182360,0.008127741948168680,46.078566827372400,0.016845966903755300,0.0,-1.0,0.0,-1.0,0.0,-1.0,0.0,-1.0,0.0,-1.0,0.0,-1.0,0.0,-1.0,0.0,-1.0,0.0,-1.0,0.0,-1.0,0.0,-1.0,0.0,-1.0,0.0,-1.0,-999.0,-1.0,0,0.0,-1.0,0.0,-1.0,0.0,-1.0,0.0,-1.0,0.0,-1.0,0.0,-1.0,0.0,-1.0,0.0,0.0,-1.0,0.0,-1.0,0.0,-1.0,0.0,-1.0,0.0,-1.0,-999.0,-1.0,0,0.0,-1.0,44.167175147653300,0.017968232287863400,3946.313297159870,251.40372014693700,59.90473720285390,2.8791155469694900,44.160736040586300,0.021872050216227700,3946.313297159870,314.37641803505900,59.023106051985700,3.697367652924440,6586.935825514230,157.80214553871800,12.017866904695200,-1.6966021797471100,0.06847929471007050,310,11.247771795671400,1.129728969980240,44.71063760601290,0.03288039131677680,7792.611328125,1377.2958984375,74.43746540344600,6.606364726843590,-1.80885051205734,0.31417976765137400,281,10.018415506355800,1.260922013990880,300000.0,-1.0,300000.0,-1.0,300000.0,-1.0,300000.0,-1.0,355.40116442423300,133.73775296134200,904.392733752067,106.76915301205400,0.0,-1.0,0.0,-1.0,9.26823258498019,0.028060322398803900,8.960218397615690,0.05548333232205480,9.058098863834520,0.06937793111971400,9.545006449476650,0.15377714293036800,9.058098863834520,0.06937793111971400,-0.6309916280873010,0,0.010000838159016900
5136,SDSSJ110041.31+315018.1,,1.650453,0.01741,0.03455,0.02451,0.01761,-9.1E-04,0.00197,1.0,-27.1745946185012,1.0,2,362.0,363.0,1,12527.5147360944,3.86599104755873E+28,31.3834174960191,31.0290278897038,-0.169005634060053,,,165.172157,31.838363,262.949177464836,42.0543978697671,1990,53472,426,110041.31+315018.1,165.17214965820300,31.838363647460900,1.6490000486373900,1990,426,53472,1048578,1,1,-27.174594618501200,46.88961786437270,0.013506212610007400,0,0,0.0,-26.694774787856900,-1.0,0.0,-1.0,46.17781063533150,0.013506212610007400,46.27353676278340,0.008391736391921260,0.0,-1.0,0.0,-1.0,0.0,-1.0,0.0,-1.0,0.0,-1.0,0.0,-1.0,0.0,-1.0,0.0,-1.0,0.0,-1.0,0.0,-1.0,0.0,-1.0,0.0,-1.0,0.0,-1.0,-999.0,-1.0,0,0.0,-1.0,0.0,-1.0,0.0,-1.0,0.0,-1.0,0.0,-1.0,0.0,-1.0,0.0,-1.0,0.0,0.0,-1.0,0.0,-1.0,0.0,-1.0,0.0,-1.0,0.0,-1.0,-999.0,-1.0,0,0.0,-1.0,44.12178311172070,0.029596337512867200,5061.583137311860,436.46348746055900,23.790330821999700,2.3010061789941200,44.106461488689700,0.030632323262558700,5061.583137311860,356.67385297888200,22.965656155609200,2.2223359003472100,5124.600046779430,72.46980262858250,22.438839537879600,-1.4820118152356400,0.06420287989698900,310,20.82252402692820,0.9122888388625100,44.72919238018790,0.03221203108773100,4401.13720703125,296.5,42.05439786976710,3.179226239868730,-0.6242142440903560,0.09900610638426780,281,15.680475159625700,0.739057519622753,300000.0,-1.0,300000.0,-1.0,300000.0,-1.0,300000.0,-1.0,-186.7575335830310,241.1584181619730,262.94917746483600,53.50870274561480,0.0,-1.0,0.0,-1.0,9.274712524654770,0.028533398764520300,9.357478066864500,0.07520279444716170,9.498815343104280,0.06177690242537670,9.152104300395740,0.0586847096931826,9.498815343104280,0.06177690242537670,-0.7095680238491800,0,0.02257438758791250
5870,SDSSJ110729.57+270800.7,10.0,1.650069,0.01707,0.0386,0.01437,0.03539,-0.01487,0.00228,1.0,-26.4646199640174,-1.0,-1,0.0,30.0,1,12523.9106191738,3.86487881707703E+28,30.3004136628725,30.7450380279103,0.212037885402616,,,166.873237,27.133554,1895.9166288386,46.5462507895689,2212,53789,534,110729.57+270800.7,166.87322998046900,27.133554458618200,1.6603000164032000,2212,534,53789,1048579,1,1,-26.464619964017400,46.54923299027240,0.01115510539382210,1,0,0.0,-27.061930986817000,-1.0,0.0,-1.0,45.837425761231200,0.01115510539382210,46.08470099605080,0.015397630065145100,0.0,-1.0,0.0,-1.0,0.0,-1.0,0.0,-1.0,0.0,-1.0,0.0,-1.0,0.0,-1.0,0.0,-1.0,0.0,-1.0,0.0,-1.0,0.0,-1.0,0.0,-1.0,0.0,-1.0,-999.0,-1.0,0,0.0,-1.0,0.0,-1.0,0.0,-1.0,0.0,-1.0,0.0,-1.0,0.0,-1.0,0.0,-1.0,0.0,0.0,-1.0,0.0,-1.0,0.0,-1.0,0.0,-1.0,0.0,-1.0,-999.0,-1.0,0,0.0,-1.0,43.93011321263200,0.025415779823390500,9237.30303673503,1073.8237999363900,34.1376551329351,2.5421493518962500,43.92891327930670,0.026544541758401200,9620.851855828330,960.9517623413840,34.04346472845500,2.45005787484647,9435.589302265910,113.40056572169100,14.720101344176600,-1.2128142630669400,0.04699234187387470,311,10.552213068293200,1.3310022512718200,44.50399922566120,0.027126715823303700,3101.4169921875,409.533447265625,46.54625078956890,3.4438992054063400,-1.9797297247155700,0.23563810491223300,280,10.14726897066400,1.9573096133997100,300000.0,-1.0,300000.0,-1.0,300000.0,-1.0,300000.0,-1.0,1391.2490639195000,502.96977726101900,1895.9166288386000,159.69660398632900,0.0,-1.0,0.0,-1.0,9.593892008936440,0.04407702005850470,9.709803263048730,0.1011262052861590,9.845631026622480,0.08703180777944680,8.748011851888170,0.11498470501156300,9.845631026622480,0.08703180777944680,-1.3967685814676500,0,0.02254973310740780
6634,SDSSJ113047.11+190325.6,6.8,1.650932,0.03963,0.01304,0.02462,0.01833,0.01929,0.00115,1.0,-26.4014766770857,-1.0,-1,0.0,20.4,3,12532.0107423114,3.8673785150773E+28,30.1334134706908,30.7197807131376,0.279633956063592,,,172.696313,19.05713,754.845544614911,25.7568390104562,2502,54180,278,113047.11+190325.6,172.69631958007800,19.057130813598600,1.6464999914169300,2502,278,54180,2,1,1,-26.401476677085700,46.542550213134600,0.006101757413677690,0,0,0.0,-27.005872307305700,-1.0,0.0,-1.0,45.83074298409340,0.006101757413677690,46.194060768754400,0.017910485283572100,0.0,-1.0,0.0,-1.0,0.0,-1.0,0.0,-1.0,0.0,-1.0,0.0,-1.0,0.0,-1.0,0.0,-1.0,0.0,-1.0,0.0,-1.0,0.0,-1.0,0.0,-1.0,0.0,-1.0,-999.0,-1.0,0,0.0,-1.0,0.0,-1.0,0.0,-1.0,0.0,-1.0,0.0,-1.0,0.0,-1.0,0.0,-1.0,0.0,0.0,-1.0,0.0,-1.0,0.0,-1.0,0.0,-1.0,0.0,-1.0,-999.0,-1.0,0,0.0,-1.0,43.92518143509740,0.0169619023668659,3067.744810909970,195.6792965073820,32.63087834882740,1.498079218626170,43.920310864126600,0.022313295920938000,3067.744810909970,282.56685163821100,32.26697058656170,1.7025319313904600,4134.729982731560,87.87831188515700,10.392272707664700,-1.920968829901920,0.039895386946940700,310,11.94927637734910,0.96980163488459,44.346356880110100,0.05547212200987420,6506.1279296875,627.456787109375,25.756839010456200,3.614150348920560,-2.1641313172617800,0.2624505406417350,280,10.532958431620700,0.9648717436675750,300000.0,-1.0,300000.0,-1.0,300000.0,-1.0,300000.0,-1.0,-391.641268849247,53.65302117353240,754.8455446149110,80.1412656901669,0.0,-1.0,0.0,-1.0,8.873104935152180,0.0399281561584369,8.749009952389990,0.05548778786351160,8.848699110481210,0.08009423843663630,9.449497404523340,0.08430362925345610,8.848699110481210,0.08009423843663630,-0.40651944246414500,0,0.022580772330319300
6642,SDSSJ113244.74+172629.4,,1.6503741,0.0243,0.02891,0.01602,0.0419,-0.0088,-0.00221,1.0,-26.7373798121117,1.0,2,65.5,71.0,0,12526.7741883808,3.86576251453431E+28,30.6747243369223,30.854141967148,0.0855628658896631,,,173.186458,17.441512,466.22177083765,49.180194095992,2503,53856,435,113244.74+172629.4,173.18646240234400,17.441511154174800,1.6455999612808200,2503,435,53856,1048578,1,1,-26.73737981211170,46.62397368981530,0.007152853443990640,0,0,0.0,-26.939216541787000,-1.0,0.0,-1.0,45.912166460774100,0.007152853443990640,46.22248362345540,0.01268708730612290,0.0,-1.0,0.0,-1.0,0.0,-1.0,0.0,-1.0,0.0,-1.0,0.0,-1.0,0.0,-1.0,0.0,-1.0,0.0,-1.0,0.0,-1.0,0.0,-1.0,0.0,-1.0,0.0,-1.0,-999.0,-1.0,0,0.0,-1.0,0.0,-1.0,0.0,-1.0,0.0,-1.0,0.0,-1.0,0.0,-1.0,0.0,-1.0,0.0,0.0,-1.0,0.0,-1.0,0.0,-1.0,0.0,-1.0,0.0,-1.0,-999.0,-1.0,0,0.0,-1.0,44.105685907982000,0.021919681991956700,5386.288600780810,510.0847678258220,41.54327554746710,1.8815485311454600,44.07312332218620,0.02256627371768970,7353.775147420850,509.88220890376200,38.54234640828890,2.180588433495940,7344.229060720130,156.39846828229200,13.547406963905100,-1.7289421894588900,0.041541043212346000,311,15.197629839032500,0.9660018426579560,44.666702088158500,0.02533497331268460,4371.4169921875,235.128662109375,49.180194095992000,3.049972514993010,-1.9828815885123700,0.2089629101749670,280,12.956841129743000,0.975520514441379,300000.0,-1.0,300000.0,-1.0,300000.0,-1.0,300000.0,-1.0,-527.7986288687820,130.2138522573870,466.22177083765000,80.21288385742320,0.0,-1.0,0.0,-1.0,9.422585611414380,0.030272667184071100,9.278662469335910,0.08233361043086530,9.658563898756160,0.06038764663239420,9.119160792604560,0.04720085278125130,9.658563898756160,0.06038764663239420,-1.134960754058430,0,0.01542334632820570
7586,SDSSJ113532.86+001411.4,14.0,1.651701,0.02791,0.03382,0.00924,0.02946,0.00141,0.00219,0.0,-26.5979762107989,-1.0,-2,0.0,42.0,1,12539.2293268612,3.86960617026937E+28,30.4474697846289,30.7983805266229,0.167346590848985,,,173.886946,0.236518,722.789984734306,32.1970645501054,282,51658,488,113532.86+001411.4,173.88694763183600,0.236517995595932,1.6483999490737900,282,488,51658,1048580,2,0,-26.59797621079890,46.69651713034510,0.00403530870850588,0,0,0.0,-26.895068001014100,-1.0,0.0,-1.0,45.98470990130390,0.00403530870850588,46.16569207536760,0.014949850644427400,0.0,-1.0,0.0,-1.0,0.0,-1.0,0.0,-1.0,0.0,-1.0,0.0,-1.0,0.0,-1.0,0.0,-1.0,0.0,-1.0,0.0,-1.0,0.0,-1.0,0.0,-1.0,0.0,-1.0,-999.0,-1.0,0,0.0,-1.0,0.0,-1.0,0.0,-1.0,0.0,-1.0,0.0,-1.0,0.0,-1.0,0.0,-1.0,0.0,0.0,-1.0,0.0,-1.0,0.0,-1.0,0.0,-1.0,0.0,-1.0,-999.0,-1.0,0,0.0,-1.0,44.079257461778900,0.023927241115057300,4832.326256015270,513.2111551378110,33.870821060408300,2.1329009272247500,44.07465570213110,0.02122423428943780,4832.326256015270,509.9717563713910,33.51382247394230,1.8702548711980700,5484.783026046970,67.77833508769680,5.416535441254600,-1.3875015811744000,0.0409113130433052,310,16.126362659771500,1.7485766531256400,44.45096949011740,0.04554571404748130,6346.99755859375,359.70654296875,32.19706455010540,3.6367547365312800,-1.5549699940334200,0.18166312563692100,281,13.718294694839400,0.9750203656780160,300000.0,-1.0,300000.0,-1.0,300000.0,-1.0,300000.0,-1.0,-99.41692318799230,348.5889908193160,722.7899847343060,80.1412656901669,0.0,-1.0,0.0,-1.0,9.213989020893500,0.02622339195395970,9.220667446912800,0.09226946520241650,9.338832635069270,0.09169927189504620,9.412953462465470,0.049859573422491100,9.338832635069270,0.09169927189504620,-0.7426860498417510,0,0.005874580739894020
113,SDSSJ113548.66-022617.8,11.7,1.6502399,0.02296,0.02971,0.02039,0.02975,0.00571,-0.00104,0.0,-26.6648523166763,-1.0,-2,0.0,35.1,0,12525.51461726,3.86537381088644E+28,30.3686967587722,30.8251309689738,0.217669908279391,,,173.952777,-2.438297,808.26384270573,54.5276366631524,327,52294,496,113548.66-022617.8,173.95277404785200,-2.4382970333099400,1.6526999473571800,327,496,52294,1048580,1,0,-26.66485231667630,46.6105490328259,0.00587957443350362,0,0,0.0,-26.974256773531700,-1.0,0.0,-1.0,45.89874180378470,0.00587957443350362,46.18788054482800,0.011701143675587400,0.0,-1.0,0.0,-1.0,0.0,-1.0,0.0,-1.0,0.0,-1.0,0.0,-1.0,0.0,-1.0,0.0,-1.0,0.0,-1.0,0.0,-1.0,0.0,-1.0,0.0,-1.0,0.0,-1.0,-999.0,-1.0,0,0.0,-1.0,0.0,-1.0,0.0,-1.0,0.0,-1.0,0.0,-1.0,0.0,-1.0,0.0,-1.0,0.0,0.0,-1.0,0.0,-1.0,0.0,-1.0,0.0,-1.0,0.0,-1.0,-999.0,-1.0,0,0.0,-1.0,44.014167601319500,0.020636150452478600,4157.839301818790,341.0153215461640,35.26378804105960,1.8160601994471200,44.012065772085300,0.025597239075231900,4157.839301818790,252.34075752384000,35.09353628948600,2.178429085248030,5888.101694871210,90.52944049345540,12.139898628419600,-1.499415316473440,0.04246706680532500,310,13.521610699335200,1.212100972345120,44.68662028648300,0.023485959078225700,5651.60107421875,302.5380859375,54.52763666315240,3.3482095043768700,-1.8110059142393600,0.18086649229829600,281,14.569934878016400,1.1846412767536100,300000.0,-1.0,300000.0,-1.0,300000.0,-1.0,300000.0,-1.0,339.331183993457,267.4038654467290,808.2638427057300,53.41319478604310,0.0,-1.0,0.0,-1.0,9.222320501071240,0.03238301487909840,9.047106302050640,0.07130007156633720,9.154955318504800,0.0528408660229222,9.323919686767940,0.04690853139341470,9.154955318504800,0.0528408660229222,-0.6447768307964670,0,0.010618789323849400
677,SDSSJ114408.55+020221.2,,1.6506031,0.06337,0.00244,0.01351,0.00486,0.01315,0.01353,0.0,-26.1487963852212,1.0,1,89.0,120.0,4,12528.9235805095,3.86642581694523E+28,30.9027774959636,30.6187085963918,-0.13547023849836,,,176.035649,2.039225,1096.55780418802,23.3984425251152,514,51994,164,114408.55+020221.2,176.03564453125,2.0392251014709500,1.638800024986270,514,164,51994,1048580,1,0,-26.148796385221200,46.47597452438320,0.004859749484854350,0,0,0.0,-27.100596402256200,-1.0,0.0,-1.0,45.76416729534200,0.004859749484854350,46.001110453050500,0.017488114501375700,0.0,-1.0,0.0,-1.0,0.0,-1.0,0.0,-1.0,0.0,-1.0,0.0,-1.0,0.0,-1.0,0.0,-1.0,0.0,-1.0,0.0,-1.0,0.0,-1.0,0.0,-1.0,0.0,-1.0,-999.0,-1.0,0,0.0,-1.0,0.0,-1.0,0.0,-1.0,0.0,-1.0,0.0,-1.0,0.0,-1.0,0.0,-1.0,0.0,0.0,-1.0,0.0,-1.0,0.0,-1.0,0.0,-1.0,0.0,-1.0,-999.0,-1.0,0,0.0,-1.0,43.70151386804580,0.02790911979475650,2506.3555645604600,223.7279848243910,23.371443219234900,1.6567028174390400,43.70151386804580,0.031860411208175100,2506.3555645604600,278.59260635703500,23.371443219234900,1.6981570301078900,2912.1972564580000,128.74828867351300,10.70326064245970,-1.5181241844054300,0.05356814670664380,311,11.587418517243600,1.3241615728559200,44.15389607522710,0.056918124524305100,8307.203125,1771.877197265630,23.39844252511520,3.5614408458333200,-1.5027430287367300,0.2314451438236430,281,8.187747042501990,0.9400539807586020,300000.0,-1.0,300000.0,-1.0,300000.0,-1.0,300000.0,-1.0,-1395.0507665607500,107.7093748846350,1096.5578041880200,507.4709191816830,0.0,-1.0,0.0,-1.0,8.527375278215220,0.034418549122974700,8.54016901225037,0.07757202075906620,8.631869087691410,0.09659454359998690,9.559498199758700,0.18549658775501000,8.631869087691410,0.09659454359998690,-0.2562651084257580,0,0.016081461271255000
7638,SDSSJ120015.35+000553.1,,1.650593,0.02357,0.03581,0.01991,0.00408,0.01837,0.01336,0.0,-26.3975951256358,1.0,1,42.0,25.0,0,12528.8287806775,3.86639656171708E+28,30.2215305138344,30.7182280925576,0.236871194110365,,,180.063964,0.098102,-1110.06838201565,2.78626834738306,285,51930,509,120015.35+000553.1,180.06396484375,0.09810200333595280,1.649999976158140,285,509,51930,4,3,0,-26.397595125635800,46.55658637342490,0.0050254540450644900,1,0,0.0,-27.06932160597770,-1.0,0.0,-1.0,45.84477914438370,0.0050254540450644900,45.88123778697750,0.029934431773085600,0.0,-1.0,0.0,-1.0,0.0,-1.0,0.0,-1.0,0.0,-1.0,0.0,-1.0,0.0,-1.0,0.0,-1.0,0.0,-1.0,0.0,-1.0,0.0,-1.0,0.0,-1.0,0.0,-1.0,-999.0,-1.0,0,0.0,-1.0,0.0,-1.0,0.0,-1.0,0.0,-1.0,0.0,-1.0,0.0,-1.0,0.0,-1.0,0.0,0.0,-1.0,0.0,-1.0,0.0,-1.0,0.0,-1.0,0.0,-1.0,-999.0,-1.0,0,0.0,-1.0,43.73654344757090,0.019417533806649300,3108.182906112560,519.136180853598,21.86851965159800,0.9595155313670390,43.707178189201300,0.022150764993263300,3926.5095705210600,523.2576814014920,20.43874036958660,1.0867117697277000,4101.642589367750,123.16234058019600,12.969586910438500,-0.9638236512440450,0.04673383633885050,310,13.915515710292200,1.6226414242306700,43.09267981135580,0.3637537803158320,6339.93359375,937.2794799804690,2.78626834738306,1.652450356857140,-1.7791321519074500,0.41557617819340700,280,5.156920974369060,0.9743450669857190,300000.0,-1.0,300000.0,-1.0,300000.0,-1.0,300000.0,-1.0,-134.26307839652900,267.8341565808910,-1110.0683820156500,2453.087233536520,0.0,-1.0,0.0,-1.0,8.874828675734740,0.044793557319527300,8.767402707493420,0.14509557577217400,9.0717763902062,0.11579252999108100,9.261225445063730,0.1293863349428740,9.0717763902062,0.11579252999108100,-0.6155605618988960,0,0.003037519337711240
1021,SDSSJ120845.22+653344.6,9.9,1.651211,0.0234,0.02925,0.02029,0.02997,0.00211,-0.00164,0.0,-26.8199763640324,-1.0,-2,0.0,29.7,0,12534.6296273811,3.86818670300981E+28,30.2966983948838,30.8871805879163,0.281596343843789,,,182.188432,65.562414,883.033429306368,32.4099173257569,599,52317,467,120845.22+653344.6,182.1884307861330,65.56241607666020,1.645400047302250,599,467,52317,4,1,0,-26.81997636403240,46.73347786055740,0.003299738385010190,0,-1,0.0,-26.858630385849600,-1.0,0.0,-1.0,46.02167063151620,0.003299738385010190,46.25860846592820,0.015168865037228600,0.0,-1.0,0.0,-1.0,0.0,-1.0,0.0,-1.0,0.0,-1.0,0.0,-1.0,0.0,-1.0,0.0,-1.0,0.0,-1.0,0.0,-1.0,0.0,-1.0,0.0,-1.0,0.0,-1.0,-999.0,-1.0,0,0.0,-1.0,0.0,-1.0,0.0,-1.0,0.0,-1.0,0.0,-1.0,0.0,-1.0,0.0,-1.0,0.0,0.0,-1.0,0.0,-1.0,0.0,-1.0,0.0,-1.0,0.0,-1.0,-999.0,-1.0,0,0.0,-1.0,44.080419025313000,0.01232968527074260,4200.955923981800,314.0984576843380,31.244995257904500,0.9852050233322520,44.07347918540170,0.017553648571258400,4200.955923981800,357.70450109716200,30.749681598608700,1.144645476629960,4969.961014117210,57.60914284019890,4.440013218867720,-1.3625023575134400,0.03840485171492960,310,15.455537031557700,0.9646285693789580,44.52035207567300,0.03663527849119320,6518.68408203125,1210.484375,32.40991732575690,3.2438369141832,-2.019613446009830,0.20222941045890500,281,12.19795187462590,0.807008255079324,300000.0,-1.0,300000.0,-1.0,300000.0,-1.0,300000.0,-1.0,-201.32266448991600,294.80185507940200,883.0334293063680,267.1137236289750,0.0,-1.0,0.0,-1.0,9.151291733877840,0.02434315620366150,9.117531565731530,0.06496390004366060,9.24013204151347,0.07398721486608370,9.48538235521803,0.16149250969708100,9.24013204151347,0.07398721486608370,-0.6070247260736540,0,0.007691458009071430
5945,SDSSJ121753.12+294304.6,,1.650745,0.03139,0.01385,0.02811,0.03537,0.01102,0.0,1.0,-26.9766022005708,1.0,2,130.0,117.0,2,12530.2554840412,3.86683684237511E+28,30.8918628185717,30.9498309225316,0.0276445358171301,,,184.471363,29.717947,861.672598470189,61.655352989237,2230,53799,117,121753.12+294304.6,184.4713592529300,29.717947006225600,1.6466000080108600,2230,117,53799,1048579,1,1,-26.97660220057080,46.72777153530720,0.003929200020785120,0,0,0.0,-26.875069262979300,-1.0,0.0,-1.0,46.01596430626600,0.003929200020785120,46.207941900961500,0.015531889023300500,0.0,-1.0,0.0,-1.0,0.0,-1.0,0.0,-1.0,0.0,-1.0,0.0,-1.0,0.0,-1.0,0.0,-1.0,0.0,-1.0,0.0,-1.0,0.0,-1.0,0.0,-1.0,0.0,-1.0,-999.0,-1.0,0,0.0,-1.0,0.0,-1.0,0.0,-1.0,0.0,-1.0,0.0,-1.0,0.0,-1.0,0.0,-1.0,0.0,0.0,-1.0,0.0,-1.0,0.0,-1.0,0.0,-1.0,0.0,-1.0,-999.0,-1.0,0,0.0,-1.0,44.21160779953900,0.0173670774854493,3743.3563464094400,290.3092136898040,43.205713087769500,1.8499664478705000,44.204457837580500,0.021316535280874400,3743.3563464094400,325.5125617460290,42.500223642246900,2.1055975726106100,4822.515719431520,71.03842464723830,5.811137992420270,-1.2343199859131700,0.039756502699222400,310,15.99594508077590,0.9998385506391760,44.756096325031800,0.024828806586921100,5839.57666015625,171.81103515625,61.65535298923700,4.17556078857681,-1.8810352971778500,0.22369884900261900,281,10.599507452488500,1.0785405486233500,300000.0,-1.0,300000.0,-1.0,300000.0,-1.0,300000.0,-1.0,-255.31924356589800,80.4579686821809,861.672598470189,53.40365337110580,0.0,-1.0,0.0,-1.0,9.12159515208655,0.023377483370162300,9.014504496067660,0.06739048466421940,9.136420212819590,0.07556952018653980,9.362971935699400,0.026848586908868600,9.136420212819590,0.07556952018653980,-0.5090192226299380,0,0.01171529142308140
3472,SDSSJ122225.34+414117.4,,1.651063,0.01689,0.03541,0.02158,0.02601,0.00909,0.00243,1.0,-26.6687327669644,1.0,2,66.0,65.0,0,12533.2403865025,3.86775798327467E+28,30.636771151495,30.8266831490891,0.0905675476849232,,,185.605621,41.688191,134.495368444821,39.7795768012306,1452,53112,255,122225.34+414117.4,185.60562133789100,41.68819046020510,1.6495000123977700,1452,255,53112,2,1,1,-26.668732766964400,46.68813573351140,0.007396017754484060,0,0,0.0,-26.894697310293200,-1.0,0.0,-1.0,45.97632850447020,0.007396017754484060,46.19924253082940,0.01605087385282640,0.0,-1.0,0.0,-1.0,0.0,-1.0,0.0,-1.0,0.0,-1.0,0.0,-1.0,0.0,-1.0,0.0,-1.0,0.0,-1.0,0.0,-1.0,0.0,-1.0,0.0,-1.0,0.0,-1.0,-999.0,-1.0,0,0.0,-1.0,0.0,-1.0,0.0,-1.0,0.0,-1.0,0.0,-1.0,0.0,-1.0,0.0,-1.0,0.0,0.0,-1.0,0.0,-1.0,0.0,-1.0,0.0,-1.0,0.0,-1.0,-999.0,-1.0,0,0.0,-1.0,44.047741983491000,0.018952291107115800,4666.971125564710,344.8465653636900,31.85335631132070,1.9481685223179700,44.045269994082600,0.019099833979723300,4666.971125564710,352.96750347325300,31.67256311390360,1.7074268161511100,4717.327189260720,86.60600255035930,13.056930319343600,-1.5047687499054500,0.03275940754081610,310,14.504892939569300,1.0703887603379200,44.58118645240720,0.02500872941050860,3864.441162109380,261.270263671875,39.77957680123060,2.8960421071637300,-1.449661427275750,0.2722177320292820,280,11.74188631344980,0.8197811990961830,300000.0,-1.0,300000.0,-1.0,300000.0,-1.0,300000.0,-1.0,-77.93882649174450,160.70048027142800,134.49536844482100,80.28456602620780,0.0,-1.0,0.0,-1.0,9.07786565016433,0.025233297317929800,9.186234480083510,0.06428724462149080,9.30339390061993,0.065852064644376,8.999771940042430,0.05933723740989080,9.30339390061993,0.065852064644376,-0.7156287122261420,0,0.0021450930276249400
1556,SDSSJ124118.12+624606.1,,1.651013,0.0028,0.05795,0.0,0.05843,-0.00272,0.00505,1.0,-27.6545306904639,1.0,2,348.0,337.0,0,12532.7710542514,3.86761314734198E+28,31.3514592645773,31.2210023184889,-0.0622138982021728,,,190.325501,62.768374,722.789984734306,67.2696478694546,781,52373,480,124118.12+624606.1,190.32550048828100,62.768375396728500,1.6497000455856300,781,480,52373,1055747,1,1,-27.654530690463800,47.00998030374410,0.012910031440565500,0,0,0.0,-26.581836035897500,-1.0,0.0,-1.0,46.29817307470300,0.012910031440565500,46.464383791963,0.009105834174715,0.0,-1.0,0.0,-1.0,0.0,-1.0,0.0,-1.0,0.0,-1.0,0.0,-1.0,0.0,-1.0,0.0,-1.0,0.0,-1.0,0.0,-1.0,0.0,-1.0,0.0,-1.0,0.0,-1.0,-999.0,-1.0,0,0.0,-1.0,0.0,-1.0,0.0,-1.0,0.0,-1.0,0.0,-1.0,0.0,-1.0,0.0,-1.0,0.0,0.0,-1.0,0.0,-1.0,0.0,-1.0,0.0,-1.0,0.0,-1.0,-999.0,-1.0,0,0.0,-1.0,44.679174118519100,0.011620854864666800,7065.182206926310,1241.2093564376400,65.48280098015200,1.3693498269787600,44.679174118519100,0.014095944179789700,7460.602440690540,950.9746464432940,65.48280098015200,1.4474043832947000,8602.72087686545,85.67186947484680,27.336110270601500,-1.3925405206422700,0.017370777109537500,310,25.12070527867000,0.9653140802950250,45.09010351649670,0.01191021654184970,9718.05078125,444.73486328125,67.26964786945460,2.4750753610539700,-1.1873773160665100,0.12147741894317500,281,20.22845929643430,0.9328686578435530,300000.0,-1.0,300000.0,-1.0,300000.0,-1.0,300000.0,-1.0,-135.78721124127800,240.34122978157800,722.7899847343060,160.3541393120690,0.0,-1.0,0.0,-1.0,9.79928894873225,0.013643598957878500,9.707333270412000,0.15272995041780100,9.910415102307750,0.11100469137015600,9.941281737979930,0.04004182486220010,9.910415102307750,0.11100469137015600,-1.0008053436811700,0,0.005098393075329960
4032,SDSSJ130243.08+130039.3,,1.65048,0.03449,0.02824,0.01597,0.00513,-0.00124,0.00848,1.0,-27.8204185209457,1.0,2,109.0,114.0,4,12527.7681571642,3.86606925330087E+28,30.8804310809106,31.2873574506816,0.194060006031092,,,195.679505,13.010924,27.4084477430473,8.95088918507321,1696,53116,378,130243.08+130039.3,195.67950439453100,13.010924339294400,1.632099986076360,1696,378,53116,2,1,1,-27.820418520945700,47.11467051455090,0.010356247232394400,1,0,0.0,-26.463851856659300,-1.0,0.0,-1.0,46.40286328550970,0.010356247232394400,46.42639908110630,0.009924794217397450,0.0,-1.0,0.0,-1.0,0.0,-1.0,0.0,-1.0,0.0,-1.0,0.0,-1.0,0.0,-1.0,0.0,-1.0,0.0,-1.0,0.0,-1.0,0.0,-1.0,0.0,-1.0,0.0,-1.0,-999.0,-1.0,0,0.0,-1.0,0.0,-1.0,0.0,-1.0,0.0,-1.0,0.0,-1.0,0.0,-1.0,0.0,-1.0,0.0,0.0,-1.0,0.0,-1.0,0.0,-1.0,0.0,-1.0,0.0,-1.0,-999.0,-1.0,0,0.0,-1.0,44.032893673910900,0.05289624063013320,2850.206427997280,331.9142445593250,11.570749153979200,1.3381671430945000,44.02598282473910,0.0524333901514602,2850.206427997280,362.2019651598320,11.388083145302000,1.3156119848489000,4256.247343173050,97.68935592586560,23.975354533920900,-1.4520658402907000,0.0444614462620726,311,25.94649554429270,1.025160275204480,44.24487168787960,0.07439121083286440,4975.08935546875,2338.46484375,8.950889185073210,1.5498626526733300,-0.05342885360998550,0.12170182413430200,281,15.422458867403400,1.4847854706142300,300000.0,-1.0,300000.0,-1.0,300000.0,-1.0,300000.0,-1.0,-2153.4882262561300,80.9337055771557,27.4084477430473,267.6869762798010,0.0,-1.0,0.0,-1.0,9.25297893166081,0.03766037049728400,8.971184273153330,0.10128198770521400,9.139527867414490,0.11056619050854500,9.339593283647710,0.40830087448670800,9.139527867414490,0.11056619050854500,-0.12522789798113400,0,0.002449936386005710
3509,SDSSJ130545.73+462417.6,9.9,1.650565,0.03068,0.02511,0.01602,0.03182,-0.00281,4E-05,1.0,-26.7079793661541,-1.0,-1,0.0,29.7,0,12528.5659698963,3.86631545831E+28,30.2963310282304,30.842381788765,0.260407340871667,,,196.440578,46.404898,797.580946528327,32.416007929301,1459,53117,161,130545.73+462417.6,196.44058227539100,46.40489959716800,1.6454999446868900,1459,161,53117,1048579,1,1,-26.707979366154000,46.743354871831800,0.0034232086803385200,0,0,0.0,-26.864495042041600,-1.0,0.0,-1.0,46.031547642790600,0.0034232086803385200,46.11856176033580,0.015156772760207100,0.0,-1.0,0.0,-1.0,0.0,-1.0,0.0,-1.0,0.0,-1.0,0.0,-1.0,0.0,-1.0,0.0,-1.0,0.0,-1.0,0.0,-1.0,0.0,-1.0,0.0,-1.0,0.0,-1.0,-999.0,-1.0,0,0.0,-1.0,0.0,-1.0,0.0,-1.0,0.0,-1.0,0.0,-1.0,0.0,-1.0,0.0,-1.0,0.0,0.0,-1.0,0.0,-1.0,0.0,-1.0,0.0,-1.0,0.0,-1.0,-999.0,-1.0,0,0.0,-1.0,44.103371749798100,0.015376104434977800,4723.053365220580,446.561438975868,32.64623434057520,1.2157204751930700,44.09403688098900,0.01782452443569230,4723.053365220580,505.4877360284760,31.9520130523961,1.4973380287416600,5097.881077013650,74.70218526545450,4.509699967022290,-1.1643099615313300,0.03687665026704180,311,15.417480702112100,0.9650761513842940,44.41206219047120,0.07179829951592610,6442.18359375,1108.483642578130,32.41600792930100,5.790189377050310,-1.4195161943474700,0.2167523392962160,281,9.567751217344650,1.0581750663234300,300000.0,-1.0,300000.0,-1.0,300000.0,-1.0,300000.0,-1.0,-503.0541975199210,375.772585465762,797.5809465283270,187.0631222718200,0.0,-1.0,0.0,-1.0,9.179488916974870,0.023089223911319900,9.224219526687950,0.08214232194195610,9.348005243822820,0.09298550116882480,9.400903927939870,0.14967074742105700,9.348005243822820,0.09298550116882480,-0.7050209171086340,0,0.012070690716222000
5534,SDSSJ132249.49+324826.8,8.5,1.651252,0.04583,0.01223,0.0156,0.02689,-0.0035,0.00401,1.0,-26.8051422319869,-1.0,-1,0.0,25.5,4,12535.0144892566,3.86830547138459E+28,30.2305054365741,30.8812469350981,0.310333535767946,,,200.706248,32.80745,883.033429306368,33.4181415917591,2112,53534,191,132249.49+324826.8,200.7062530517580,32.80744934082030,1.645400047302250,2112,191,53534,1048578,1,1,-26.805142231986900,46.62794636814710,0.008495666144483490,0,0,0.0,-26.95687355977550,-1.0,0.0,-1.0,45.91613913910590,0.008495666144483490,46.169801944158000,0.013689452765284200,0.0,-1.0,0.0,-1.0,0.0,-1.0,0.0,-1.0,0.0,-1.0,0.0,-1.0,0.0,-1.0,0.0,-1.0,0.0,-1.0,0.0,-1.0,0.0,-1.0,0.0,-1.0,0.0,-1.0,-999.0,-1.0,0,0.0,-1.0,0.0,-1.0,0.0,-1.0,0.0,-1.0,0.0,-1.0,0.0,-1.0,0.0,-1.0,0.0,0.0,-1.0,0.0,-1.0,0.0,-1.0,0.0,-1.0,0.0,-1.0,-999.0,-1.0,0,0.0,-1.0,43.97553881224820,0.019817856579578600,3414.3208658348600,372.9685331622290,31.092518184862600,1.5713190562553800,43.96938252415500,0.03499343548923050,3414.3208658348600,1119.4157668468200,30.65487918896220,2.4944772525947600,6330.447108536020,97.02808722770570,15.708376332555300,-1.4545483765909900,0.03437422811142500,310,14.70818884796830,1.1312884022568900,44.449779983603500,0.07363396550250560,5233.294921875,418.841552734375,33.4181415917591,5.5952683201988400,-1.9675268292661800,0.23598703474171400,281,10.373338442665400,1.0260768341223800,300000.0,-1.0,300000.0,-1.0,300000.0,-1.0,300000.0,-1.0,-194.12881279808300,375.97403476151700,883.0334293063680,454.37746636487100,0.0,-1.0,0.0,-1.0,9.296025013703820,0.036230601981103100,8.884678233874010,0.09497667638209240,8.994614930566720,0.2848234034110920,9.24754545051704,0.06989424942003780,8.994614930566720,0.2848234034110920,-0.46703910753715400,0,0.015468647486845300
4557,SDSSJ133802.31+084638.4,8.5,1.650224,0.02964,0.01685,0.02819,0.03006,0.0147,0.00193,1.0,-26.422652151977,-1.0,-1,0.0,25.5,3,12525.3653848431,3.86532775776258E+28,30.2299207768409,30.7282509030941,0.237649743270736,,,204.509649,8.777358,669.356415374672,50.6600140263114,1802,53885,60,133802.31+084638.4,204.5096435546880,8.777358055114750,1.6481000185012800,1802,60,53885,3,1,1,-26.422652151977000,46.555675890700500,0.007777843845062190,0,0,0.0,-27.032667983454900,-1.0,0.0,-1.0,45.84386866165930,0.007777843845062190,46.14599460743110,0.019280857122844000,0.0,-1.0,0.0,-1.0,0.0,-1.0,0.0,-1.0,0.0,-1.0,0.0,-1.0,0.0,-1.0,0.0,-1.0,0.0,-1.0,0.0,-1.0,0.0,-1.0,0.0,-1.0,0.0,-1.0,-999.0,-1.0,0,0.0,-1.0,0.0,-1.0,0.0,-1.0,0.0,-1.0,0.0,-1.0,0.0,-1.0,0.0,-1.0,0.0,0.0,-1.0,0.0,-1.0,0.0,-1.0,0.0,-1.0,0.0,-1.0,-999.0,-1.0,0,0.0,-1.0,43.94795635541920,0.021226259301734300,2832.622657758820,235.9077700187300,34.52922162985180,1.8030390590991600,43.88892304670020,0.03604886140974630,4533.808252597990,448.28768660326600,30.140710090215500,2.9788589165082900,4533.562380594680,75.73044769727190,12.991468879764000,-1.4265990886555000,0.032080490317633700,311,12.151729489846500,1.0541386084105200,44.56617060802700,0.04425340289824580,4649.650390625,360.049560546875,50.6600140263114,6.771895442074940,-2.591951193398000,0.26415213662137300,280,8.643395126684880,0.9656869872978510,300000.0,-1.0,300000.0,-1.0,300000.0,-1.0,300000.0,-1.0,-229.77611074795800,134.04871316057600,669.3564153746720,80.16990528055520,0.0,-1.0,0.0,-1.0,8.961227740312490,0.036601699555327400,8.686311780210820,0.07244268090962950,9.196124867535590,0.08601842702852900,9.132217740565520,0.06803176246970900,9.196124867535590,0.08601842702852900,-0.7408195219526660,0,0.01937456404494750
4578,SDSSJ135348.69+071850.7,,1.65019,0.04458,0.0131,0.02394,0.00158,0.00498,0.00412,1.0,-26.5126424473073,1.0,2,241.0,271.0,2,12525.0462725076,3.86522927969585E+28,31.2563305435311,30.7642470212262,-0.234670786658602,,,208.452913,7.314084,-315.526933539447,17.7330134465684,1805,53875,483,135348.69+071850.7,208.45291137695300,7.314084053039550,1.6374000310897800,1805,483,53875,1048578,1,1,-26.512642447307300,46.58713448956500,0.0064416398220217300,0,0,0.0,-26.958670002951500,-1.0,0.0,-1.0,45.8753272605238,0.0064416398220217300,46.190568499091700,0.01138497089340970,0.0,-1.0,0.0,-1.0,0.0,-1.0,0.0,-1.0,0.0,-1.0,0.0,-1.0,0.0,-1.0,0.0,-1.0,0.0,-1.0,0.0,-1.0,0.0,-1.0,0.0,-1.0,0.0,-1.0,-999.0,-1.0,0,0.0,-1.0,0.0,-1.0,0.0,-1.0,0.0,-1.0,0.0,-1.0,0.0,-1.0,0.0,-1.0,0.0,0.0,-1.0,0.0,-1.0,0.0,-1.0,0.0,-1.0,0.0,-1.0,-999.0,-1.0,0,0.0,-1.0,43.723240209363800,0.026716125638579100,1955.76437478931,121.17265673959200,18.52655220730990,1.2804985020141300,43.713178334985500,0.03148468398481800,1955.76437478931,121.17265673959200,18.10225716217230,1.3093216549994500,2301.0635925483000,87.07050795698100,9.671902415153380,-1.8980441619908800,0.03514420367732760,310,16.56524129453940,1.1727032809551500,44.21077882276190,0.06259553889377760,5443.15625,1401.043701171880,17.73301344656840,2.401374180449000,-1.716582475118290,0.17906263748881300,280,13.971317504277100,1.0821717734136000,300000.0,-1.0,300000.0,-1.0,300000.0,-1.0,300000.0,-1.0,-1634.4750246917400,53.86430858214570,-315.5269335394470,508.5600023093110,0.0,-1.0,0.0,-1.0,8.391710121972200,0.03322651409468740,8.380296692215350,0.05391118054477230,8.485335963478210,0.05396287870918700,9.29270290702703,0.2236522675349480,8.485335963478210,0.05396287870918700,0.0014279809692183700,0,0.005798570202557880
5577,SDSSJ140612.82+292303.0,9.3,1.651291,0.02202,0.02703,0.02303,0.03491,-1.2E-04,8.2E-04,1.0,-26.4106199405728,-1.0,-1,0.0,27.9,1,12535.380579236,3.86841844675223E+28,30.269591632303,30.7234380185324,0.216435795248242,,,211.553449,29.384175,434.135271716526,49.9594445439152,2122,54178,72,140612.82+292303.0,211.55345153808600,29.384174346923800,1.6491999626159700,2122,72,54178,2,1,1,-26.410619940572800,46.49842511043580,0.006426967166017760,0,0,0.0,-27.08212770548810,-1.0,0.0,-1.0,45.78661788139470,0.006426967166017760,46.048088678414200,0.01613282597059750,0.0,-1.0,0.0,-1.0,0.0,-1.0,0.0,-1.0,0.0,-1.0,0.0,-1.0,0.0,-1.0,0.0,-1.0,0.0,-1.0,0.0,-1.0,0.0,-1.0,0.0,-1.0,0.0,-1.0,-999.0,-1.0,0,0.0,-1.0,0.0,-1.0,0.0,-1.0,0.0,-1.0,0.0,-1.0,0.0,-1.0,0.0,-1.0,0.0,0.0,-1.0,0.0,-1.0,0.0,-1.0,0.0,-1.0,0.0,-1.0,-999.0,-1.0,0,0.0,-1.0,43.9000426941907,0.017499744158520500,4346.753183312740,425.1695389127400,35.02300958074010,1.6412135154733800,43.895108530137900,0.023897573931012800,4346.753183312740,441.40953651351900,34.62735336728720,1.881218908130040,5187.492966944260,94.45469556539960,8.699301849012860,-1.5317298695847200,0.049544410385097600,311,11.647311523310900,0.8899762543078930,44.48387487101890,0.040072354056011500,4991.72412109375,562.6951904296880,49.95944454391520,5.710743569977320,-2.2421477190053100,0.23640491457099000,280,8.71047549209571,0.9509000082518060,300000.0,-1.0,300000.0,-1.0,300000.0,-1.0,300000.0,-1.0,-41.22211110222250,214.30559728219300,434.13527171652600,133.7359179149900,0.0,-1.0,0.0,-1.0,9.042768106617420,0.03608718784425530,9.02963890239093,0.08502015745959860,9.124033048158290,0.08829452074894240,9.141988149704140,0.0982848603685835,9.124033048158290,0.08829452074894240,-0.7259784828400130,0,0.008301497169586280
4743,SDSSJ144326.01+305657.6,,1.6513489,0.01705,0.0288,0.02743,0.03373,-0.00858,-3.3E-04,1.0,-26.7125445710582,1.0,2,72.0,103.0,0,12535.9240853855,3.86858617274997E+28,30.8368575708985,30.8442078707266,0.00350530055295785,,,220.858396,30.94934,573.151931545886,65.8976873802614,1842,53501,200,144326.01+305657.6,220.8583984375,30.9493408203125,1.6535999774932900,1842,200,53501,3,1,1,-26.7125445710582,46.70689045442730,0.0030314877629180600,0,0,0.0,-26.90804501773260,-1.0,0.0,-1.0,45.99508322538610,0.0030314877629180600,46.18711808181870,0.014634267695072400,0.0,-1.0,0.0,-1.0,0.0,-1.0,0.0,-1.0,0.0,-1.0,0.0,-1.0,0.0,-1.0,0.0,-1.0,0.0,-1.0,0.0,-1.0,0.0,-1.0,0.0,-1.0,0.0,-1.0,-999.0,-1.0,0,0.0,-1.0,0.0,-1.0,0.0,-1.0,0.0,-1.0,0.0,-1.0,0.0,-1.0,0.0,-1.0,0.0,0.0,-1.0,0.0,-1.0,0.0,-1.0,0.0,-1.0,0.0,-1.0,-999.0,-1.0,0,0.0,-1.0,44.0169800957689,0.014304246891960300,4372.179212991910,572.8369961300230,29.181634053043900,1.0602522573097300,44.01289780148290,0.019183557562442400,4374.14198910318,610.5269174440530,28.908616822763300,1.2206839590092200,5366.709279895050,69.09587359251820,4.606931627992510,-1.1243940569937100,0.02659756472478080,311,15.526080698618100,0.8366657937640860,44.74208347776260,0.016869260498456400,3519.816162109380,144.848388671875,65.89768738026140,3.372486769658910,-2.2505946074641000,0.1622843064322820,280,12.219269735148700,1.474106106524840,300000.0,-1.0,300000.0,-1.0,300000.0,-1.0,300000.0,-1.0,628.5811841237400,187.16597377045800,573.1519315458860,26.72807602027000,0.0,-1.0,0.0,-1.0,9.201517717559380,0.03112045734192510,9.138937522916420,0.11381144289593800,9.258737352882520,0.12124907428500700,8.912212545623360,0.03657622283540140,9.258737352882520,0.12124907428500700,-0.6522174435727730,0,0.008084314865442730
3006,SDSSJ144510.01+524538.7,,1.651511,0.03926,0.01892,0.01429,0.02925,0.00714,0.00448,1.0,-27.2345651472609,1.0,2,38.0,52.0,0,12537.4457360541,3.8690557541463E+28,30.5401158398517,31.0530161012077,0.244598126850582,,,221.29171,52.760759,220.137360518518,40.733400184813,1327,52781,622,144510.01+524538.7,221.29171752929700,52.76075744628910,1.6430000066757200,1327,622,52781,1048578,1,1,-27.234565147260900,46.88169734736220,0.0052496109825526100,0,0,0.0,-26.694232565068100,-1.0,0.0,-1.0,46.16989011832100,0.0052496109825526100,46.376083753965700,0.012366704639738700,0.0,-1.0,0.0,-1.0,0.0,-1.0,0.0,-1.0,0.0,-1.0,0.0,-1.0,0.0,-1.0,0.0,-1.0,0.0,-1.0,0.0,-1.0,0.0,-1.0,0.0,-1.0,0.0,-1.0,-999.0,-1.0,0,0.0,-1.0,0.0,-1.0,0.0,-1.0,0.0,-1.0,0.0,-1.0,0.0,-1.0,0.0,-1.0,0.0,0.0,-1.0,0.0,-1.0,0.0,-1.0,0.0,-1.0,0.0,-1.0,-999.0,-1.0,0,0.0,-1.0,44.27702891641950,0.013231335496858100,3731.6373689646500,260.0477249809770,34.470989980220100,1.1801871468803400,44.27226448179940,0.018360402326926800,3731.6373689646500,227.75984546797500,34.09489219395750,1.6100227100465700,4232.464530587610,87.19149136410560,5.194105380685020,-1.5520796735511200,0.04811873057500670,310,18.466050694959100,0.9461269017901440,44.75778164530500,0.024412564830655000,6082.62109375,256.019287109375,40.73340018481300,2.5439136683322200,-1.6760110570708600,0.19991432488228000,281,14.354477981279600,0.9509784759609690,300000.0,-1.0,300000.0,-1.0,300000.0,-1.0,300000.0,-1.0,-890.7154481144650,268.69681716377800,220.13736051851800,160.58348129656600,0.0,-1.0,0.0,-1.0,9.10366850621682,0.017341179038677600,9.088743926142450,0.06058650215712230,9.229130740340970,0.05311399567956640,9.487505916981430,0.037142049534171100,9.229130740340970,0.05311399567956640,-0.44780393809636400,0,0.017330178363816000
4753,SDSSJ144925.90+311041.4,,1.650885,0.05444,0.00706,0.00376,0.05138,-0.0168,0.00697,1.0,-26.464132061324,1.0,2,73.0,87.0,3,12531.5695772306,3.86724237153336E+28,30.7632758283298,30.7448428668329,-0.00879053530316142,,,222.357935,31.178179,-583.718155940112,47.416929375278,1843,53816,343,144925.90+311041.4,222.35794067382800,31.178178787231400,1.648300051689150,1843,343,53816,1048579,1,1,-26.46413206132400,46.53146170868630,0.01693460661713790,0,0,0.0,-27.10160222202160,-1.0,0.0,-1.0,45.81965447964510,0.01693460661713790,45.79028790979860,0.022769428727240600,0.0,-1.0,0.0,-1.0,0.0,-1.0,0.0,-1.0,0.0,-1.0,0.0,-1.0,0.0,-1.0,0.0,-1.0,0.0,-1.0,0.0,-1.0,0.0,-1.0,0.0,-1.0,0.0,-1.0,-999.0,-1.0,0,0.0,-1.0,0.0,-1.0,0.0,-1.0,0.0,-1.0,0.0,-1.0,0.0,-1.0,0.0,-1.0,0.0,0.0,-1.0,0.0,-1.0,0.0,-1.0,0.0,-1.0,0.0,-1.0,-999.0,-1.0,0,0.0,-1.0,44.028705983670500,0.016819542658442500,4100.412006022240,454.3228133681260,45.724169808531900,2.8134974390242300,44.001808274201400,0.025703027422856900,5180.504060843390,684.0892760519630,42.97818980027470,3.4530435012673200,6339.647392225690,160.5185627558230,35.06716263017390,-0.8630434709493040,0.03518459145757910,310,15.389849944045100,1.5166850498658400,44.31534923424250,0.024182312996995100,5354.63525390625,434.3193359375,47.41692937527800,3.758204232540170,-0.343776681846071,0.326655452844988,280,8.15542696408226,1.2668540442420900,300000.0,-1.0,300000.0,-1.0,300000.0,-1.0,300000.0,-1.0,47.90356385783790,509.0214608809850,-583.7181559401120,294.850480368974,0.0,-1.0,0.0,-1.0,9.237465962356300,0.02646967635873150,8.995482232750880,0.09661082327188910,9.296929814319260,0.11517735400040500,9.066312378155220,0.07147812111529710,9.296929814319260,0.11517735400040500,-0.8658386507505610,0,0.017492290211292500
4637,SDSSJ150951.87+075658.8,28.0,1.651734,0.02793,0.02068,0.02194,0.04108,-0.00419,0.00131,1.0,-26.8633265999684,-1.0,-1,0.0,84.0,0,12539.5391127941,3.86970177020826E+28,30.7485185364678,30.9045206822907,0.07439620434599,,,227.466148,7.949674,583.842846429,59.5220307397728,1816,53919,539,150951.87+075658.8,227.4661407470700,7.949674129486080,1.6484999656677200,1816,539,53919,3,1,1,-26.863326599968400,46.68176957335380,0.0051584536318003400,0,0,0.0,-26.948001577334600,-1.0,0.0,-1.0,45.96996234431260,0.0051584536318003400,46.01504091936050,0.020877984652511100,0.0,-1.0,0.0,-1.0,0.0,-1.0,0.0,-1.0,0.0,-1.0,0.0,-1.0,0.0,-1.0,0.0,-1.0,0.0,-1.0,0.0,-1.0,0.0,-1.0,0.0,-1.0,0.0,-1.0,-999.0,-1.0,0,0.0,-1.0,0.0,-1.0,0.0,-1.0,0.0,-1.0,0.0,-1.0,0.0,-1.0,0.0,-1.0,0.0,0.0,-1.0,0.0,-1.0,0.0,-1.0,0.0,-1.0,0.0,-1.0,-999.0,-1.0,0,0.0,-1.0,44.09620066799890,0.031064377227380600,4630.925182347110,509.5206239974530,37.67399091811470,2.80275123201708,44.08349417640550,0.033425814995137400,4630.925182347110,519.3683865296700,36.58770233490650,2.9155755419325700,5278.475718494290,75.67968957006040,8.01305041010476,-0.9058532171918820,0.03254774309883570,310,12.649145019167500,1.5078136434962500,44.59016932084460,0.03717685472108200,5043.2509765625,361.02392578125,59.52203073977280,6.587323757455850,-1.1610131503724400,0.34187416841896300,281,7.509802803014200,0.955099594739171,300000.0,-1.0,300000.0,-1.0,300000.0,-1.0,300000.0,-1.0,-271.2802138870680,214.45879479307800,583.8428464290000,106.94095987769300,0.0,-1.0,0.0,-1.0,9.171543687990300,0.030820177557450000,9.176316701254320,0.09560187718236090,9.292712182571840,0.09746663900075860,9.133392849843070,0.06315534800413880,9.292712182571840,0.09746663900075860,-0.7113131543355850,0,0.025863823821655700
1602,SDSSJ151450.99+544609.1,,1.651026,0.04278,0.01753,0.01411,0.02237,0.00813,0.00428,1.0,-26.4900350462354,1.0,2,42.0,31.0,1,12532.8930803508,3.86765080459626E+28,30.3151984497282,30.7552040607975,0.209835237725869,,,228.712463,54.769198,487.610859580277,30.058805671722,793,52370,560,151450.99+544609.1,228.71246337890600,54.76919937133790,1.6420999765396100,793,560,52370,1048579,1,1,-26.4900350462354,46.58980460930520,0.004654502480956780,0,0,0.0,-26.981270140153600,-1.0,0.0,-1.0,45.877997380264,0.004654502480956780,46.22098886754290,0.009832763384672210,0.0,-1.0,0.0,-1.0,0.0,-1.0,0.0,-1.0,0.0,-1.0,0.0,-1.0,0.0,-1.0,0.0,-1.0,0.0,-1.0,0.0,-1.0,0.0,-1.0,0.0,-1.0,0.0,-1.0,-999.0,-1.0,0,0.0,-1.0,0.0,-1.0,0.0,-1.0,0.0,-1.0,0.0,-1.0,0.0,-1.0,0.0,-1.0,0.0,0.0,-1.0,0.0,-1.0,0.0,-1.0,0.0,-1.0,0.0,-1.0,-999.0,-1.0,0,0.0,-1.0,43.93720962921270,0.019223434804562300,3694.29020931319,194.48296662293800,30.74999030874960,1.4262598261332300,43.93388367511620,0.027627044614646900,3694.29020931319,265.1291182813490,30.515397331412900,2.096798714133080,4245.781476348680,63.68328630886600,8.685948676565580,-1.6078615994175100,0.025176260182540300,310,16.448989831115500,0.9768594913156360,44.43339900338360,0.023244647461691400,5251.0810546875,200.220458984375,30.05880567172200,1.842539700692130,-2.3088582827718000,0.14251270708173800,280,13.822023038753800,1.000046015068980,300000.0,-1.0,300000.0,-1.0,300000.0,-1.0,300000.0,-1.0,-1146.4032323497200,349.8992309512850,487.61085958027700,80.21288385742320,0.0,-1.0,0.0,-1.0,8.925423629995000,0.0216108537450687,8.934060708048470,0.045785359287926500,9.03942039368015,0.06240301918900880,9.277621543849210,0.03352626479522440,9.03942039368015,0.06240301918900880,-0.5499863294925190,0,0.004999134930291400
8301,SDSSJ153512.10+540215.2,,1.650117,0.02896,0.02696,0.01557,0.03205,-0.0276,0.00334,0.0,-26.6360396396055,1.0,1,54.0,40.0,1,12524.3611241974,3.86501784292732E+28,30.4253797103531,30.8136058981455,0.185142035368263,,,233.800417,54.037567,-90.4313662427577,55.4174802414934,616,52374,213,153512.10+540215.2,233.8004150390630,54.037567138671900,1.6470999717712400,616,213,52374,4,1,0,-26.636039639605400,46.55392851609480,0.013679559586915200,0,0,0.0,-27.074493939702500,-1.0,0.0,-1.0,45.842121287053600,0.013679559586915200,45.766526840652500,0.04136836197705310,0.0,-1.0,0.0,-1.0,0.0,-1.0,0.0,-1.0,0.0,-1.0,0.0,-1.0,0.0,-1.0,0.0,-1.0,0.0,-1.0,0.0,-1.0,0.0,-1.0,0.0,-1.0,0.0,-1.0,-999.0,-1.0,0,0.0,-1.0,0.0,-1.0,0.0,-1.0,0.0,-1.0,0.0,-1.0,0.0,-1.0,0.0,-1.0,0.0,0.0,-1.0,0.0,-1.0,0.0,-1.0,0.0,-1.0,0.0,-1.0,-999.0,-1.0,0,0.0,-1.0,43.73222460699390,0.04007273206868330,6868.879495643390,995.4921454063850,21.860074977254700,2.238882791230330,43.72479166742120,0.04251469999725190,6868.724568398690,1245.732648925200,21.42309820648450,2.4049114669506700,6868.724568398690,142.1300254058260,31.74299009342860,-0.914308188165272,0.058562640217161300,308,8.431741300114880,0.817558305635869,44.36461421972980,0.03554972416657170,9237.5810546875,631.00244140625,55.41748024149340,6.43535415387035,-0.25760154003644900,0.5584385964302230,280,5.428276063339080,0.8334358181413450,300000.0,-1.0,300000.0,-1.0,300000.0,-1.0,300000.0,-1.0,1007.3004414469800,801.209870021576,-90.43136624275770,294.58722277230300,0.0,-1.0,0.0,-1.0,9.321017379864800,0.07203282111801640,9.454832438301460,0.12606843853416800,9.555867401544900,0.15775806969433000,9.527375749774930,0.0632532303916385,9.555867401544900,0.15775806969433000,-1.1023094305676500,0,0.0041756007479713200
2558,SDSSJ153745.03+481502.9,9.6,1.6516531,0.0131,0.02646,0.03619,0.02955,-0.00785,-0.00401,1.0,-26.7542449830127,-1.0,-1,0.0,28.8,2,12538.7796701878,3.86946740621996E+28,30.2835857563942,30.8608880355084,0.275310945883676,,,234.437634,48.250815,-58.2886418372198,43.1057059278177,1167,52738,195,153745.03+481502.9,234.43763732910200,48.250816345214800,1.651900053024290,1167,195,52738,3,1,1,-26.754244983012700,46.673597605322500,0.006237430405480640,0,0,0.0,-26.94469724731130,-1.0,0.0,-1.0,45.96179037628130,0.006237430405480640,46.07459188468190,0.023415934282500200,0.0,-1.0,0.0,-1.0,0.0,-1.0,0.0,-1.0,0.0,-1.0,0.0,-1.0,0.0,-1.0,0.0,-1.0,0.0,-1.0,0.0,-1.0,0.0,-1.0,0.0,-1.0,0.0,-1.0,-999.0,-1.0,0,0.0,-1.0,0.0,-1.0,0.0,-1.0,0.0,-1.0,0.0,-1.0,0.0,-1.0,0.0,-1.0,0.0,0.0,-1.0,0.0,-1.0,0.0,-1.0,0.0,-1.0,0.0,-1.0,-999.0,-1.0,0,0.0,-1.0,43.97581258042240,0.028615085819659200,4563.686857097440,700.9767665870640,28.762552103007500,1.9662164490916600,43.96430899857120,0.033407979524639600,4563.686857097440,753.4279802020820,28.010691897342900,2.2037007294137600,5402.490369558390,46.23104086687350,11.099387834173900,-1.0715880799531400,0.039181082343982900,310,12.227317139565700,0.8864928687398650,44.477588692220600,0.0351637759486394,2803.294677734380,192.5361328125,43.105705927817700,4.045098023754070,-1.6948745516910400,0.38795833988328500,280,8.430038003650990,1.3268487169959600,300000.0,-1.0,300000.0,-1.0,300000.0,-1.0,300000.0,-1.0,394.18068499317500,240.81400073006900,-58.28864183721980,80.35631225385190,0.0,-1.0,0.0,-1.0,9.186648014385620,0.043084836144738600,9.159526862393610,0.1334506583019310,9.274941707547360,0.14344918611974900,8.65487120384711,0.06093371493875120,9.274941707547360,0.14344918611974900,-0.7017146473424420,0,0.009334761706177190
5781,SDSSJ154631.77+191407.8,16.6,1.651212,0.01789,0.03868,0.01531,0.02851,-0.00533,-1.8E-04,1.0,-26.5760381407605,-1.0,-1,0.0,49.8,1,12534.6390142324,3.86818959979212E+28,30.5211718568843,30.7896052986075,0.128013810825448,,,236.6324,19.235513,508.998419913203,50.7627703166537,2168,53886,123,154631.77+191407.8,236.6324005126950,19.23551368713380,1.646299958229070,2168,123,53886,1048579,1,1,-26.576038140760500,46.73383721531380,0.0029095189110854800,0,0,0.0,-26.897946026782200,-1.0,0.0,-1.0,46.02202998627260,0.0029095189110854800,45.97623430077260,0.021821841094809000,0.0,-1.0,0.0,-1.0,0.0,-1.0,0.0,-1.0,0.0,-1.0,0.0,-1.0,0.0,-1.0,0.0,-1.0,0.0,-1.0,0.0,-1.0,0.0,-1.0,0.0,-1.0,0.0,-1.0,-999.0,-1.0,0,0.0,-1.0,0.0,-1.0,0.0,-1.0,0.0,-1.0,0.0,-1.0,0.0,-1.0,0.0,-1.0,0.0,0.0,-1.0,0.0,-1.0,0.0,-1.0,0.0,-1.0,0.0,-1.0,-999.0,-1.0,0,0.0,-1.0,44.021446927541900,0.021505676115950200,5980.414304396000,414.5279754455720,28.209358200405900,1.6223124628335100,44.01552460671240,0.022952048553794000,5980.414304396000,415.8029493435080,27.827288120239000,1.5537996082739300,6926.453322511720,43.97029996813440,4.865837374759830,-0.8669583201527480,0.025595939007031900,310,17.015052314606700,1.0928441005009100,44.51129048432210,0.07160048465040350,7022.38232421875,2594.5380859375,50.76277031665370,9.404519355606000,-0.6796491857240930,0.34140885950469100,280,8.603490094346600,0.957045183220762,300000.0,-1.0,300000.0,-1.0,300000.0,-1.0,300000.0,-1.0,-342.4962889067840,268.1214019350900,508.99841991320300,160.3827891379780,0.0,-1.0,0.0,-1.0,9.439830393505980,0.030993936098663200,9.424477536323940,0.06022317211712950,9.547121134676650,0.0604177104107668,9.400373120120550,0.3211232442338960,9.547121134676650,0.0604177104107668,-0.9136544644804370,0,0.0030258834916535200
3619,SDSSJ160025.19+302751.2,9.1,1.6511019,0.03739,0.02166,0.01358,0.0271,0.00333,0.0024,1.0,-26.1352501573798,-1.0,-1,0.0,27.3,4,12533.6055290491,3.86787066626455E+28,30.2600425606782,30.6132901052552,0.1684609937411,,,240.104995,30.464225,647.980314633542,19.4722749055017,1579,53473,628,160025.19+302751.2,240.10499572753900,30.46422576904300,1.645900011062620,1579,628,53473,1048579,1,1,-26.13525015737980,46.45339318118400,0.004481410255674950,0,0,0.0,-27.121967903297300,-1.0,0.0,-1.0,45.74158595214280,0.004481410255674950,45.93872635675490,0.02083113873803560,0.0,-1.0,0.0,-1.0,0.0,-1.0,0.0,-1.0,0.0,-1.0,0.0,-1.0,0.0,-1.0,0.0,-1.0,0.0,-1.0,0.0,-1.0,0.0,-1.0,0.0,-1.0,0.0,-1.0,-999.0,-1.0,0,0.0,-1.0,0.0,-1.0,0.0,-1.0,0.0,-1.0,0.0,-1.0,0.0,-1.0,0.0,-1.0,0.0,0.0,-1.0,0.0,-1.0,0.0,-1.0,0.0,-1.0,0.0,-1.0,-999.0,-1.0,0,0.0,-1.0,43.795194745732200,0.029316601492706000,4129.111393851370,547.7713136358360,30.420754267847600,2.062787741590680,43.78499381602370,0.035348352812921000,4129.111393851370,566.3780293462990,29.714542515942300,2.3085504580690400,5332.94229875344,53.26689322499980,7.225454225635700,-1.5770745339854700,0.04996649446686710,310,10.03223730949720,1.1276881452610300,44.03368529312890,0.03377803664572810,4396.17529296875,391.163330078125,19.472274905501700,1.904368796710020,-1.0836678584370200,0.29942705888379000,280,7.931258253397120,0.9844145163114490,300000.0,-1.0,300000.0,-1.0,300000.0,-1.0,300000.0,-1.0,-436.8663608632030,187.8694738137870,647.9803146335420,213.7291479747930,0.0,-1.0,0.0,-1.0,9.038867038126120,0.0488816165343769,8.962506174653160,0.11524951052703500,9.051496488910290,0.11917417952970400,8.973674971365200,0.07807000233011080,9.051496488910290,0.11917417952970400,-0.6984738528438680,0,0.0035723187019269100
1632,SDSSJ163021.64+411147.0,,1.651073,0.02765,0.02607,0.02052,0.02556,1.2E-04,-1.6E-04,1.0,-27.1166564799356,1.0,2,43.0,48.0,4,12533.3342533093,3.86778695057125E+28,30.5051047183449,31.0058526342776,0.23880276827634,,,247.590194,41.196401,476.916506266878,44.9869346833237,816,52379,135,163021.64+411147.0,247.59019470214800,41.1963996887207,1.6464999914169300,816,135,52379,1048578,1,1,-27.11665647993560,46.77851535075750,0.009953783206384510,0,0,0.0,-26.79797786653780,-1.0,0.0,-1.0,46.06670812171630,0.009953783206384510,46.34859172206900,0.012310283132603000,0.0,-1.0,0.0,-1.0,0.0,-1.0,0.0,-1.0,0.0,-1.0,0.0,-1.0,0.0,-1.0,0.0,-1.0,0.0,-1.0,0.0,-1.0,0.0,-1.0,0.0,-1.0,0.0,-1.0,-999.0,-1.0,0,0.0,-1.0,0.0,-1.0,0.0,-1.0,0.0,-1.0,0.0,-1.0,0.0,-1.0,0.0,-1.0,0.0,0.0,-1.0,0.0,-1.0,0.0,-1.0,0.0,-1.0,0.0,-1.0,-999.0,-1.0,0,0.0,-1.0,44.126205772410200,0.017723197318254300,4560.928744725350,360.2428581290130,30.858799935860300,1.5469083532816900,44.123276838318700,0.02161058745025460,4560.928744725350,329.36532208404800,30.65138468954210,1.5082758130775300,5160.43618915262,107.945208639739,15.483094556727100,-1.5664568936026800,0.05168673305432810,310,17.603196048175500,0.9927249100748530,44.73950955136800,0.03154881107034060,5247.57666015625,201.447265625,44.986934683323700,3.6019684139454900,-2.2108107634827400,0.15757171879751100,280,13.580281406135900,0.9533211705302520,300000.0,-1.0,300000.0,-1.0,300000.0,-1.0,300000.0,-1.0,-384.3792220412660,241.58963274374200,476.9165062668780,80.22721516937560,0.0,-1.0,0.0,-1.0,9.211881838176330,0.026957146416430000,9.211460635502560,0.0687853846611221,9.339465610108520,0.06302760429899080,9.344671196234350,0.0339762661490343,9.339465610108520,0.06302760429899080,-0.661320804468609,0,0.005089376804576600
2261,SDSSJ172057.26+284745.4,8.9,1.650686,0.05079,0.01554,0.01124,0.0077,0.01003,0.00368,1.0,-26.2831851005061,-1.0,-1,0.0,26.7,4,12529.7016946051,3.86666594295513E+28,30.2501546623209,30.6724640825058,0.201396062570701,,,260.238597,28.795948,583.842846429,26.4388648370992,980,52431,531,172057.26+284745.4,260.23858642578100,28.795948028564500,1.6410000324249300,980,531,52431,1048578,1,1,-26.283185100506100,46.514793389753100,0.007316127453307790,0,0,0.0,-27.04676426974070,-1.0,0.0,-1.0,45.8029861607119,0.007316127453307790,46.0627181799704,0.02400705193129580,0.0,-1.0,0.0,-1.0,0.0,-1.0,0.0,-1.0,0.0,-1.0,0.0,-1.0,0.0,-1.0,0.0,-1.0,0.0,-1.0,0.0,-1.0,0.0,-1.0,0.0,-1.0,0.0,-1.0,-999.0,-1.0,0,0.0,-1.0,0.0,-1.0,0.0,-1.0,0.0,-1.0,0.0,-1.0,0.0,-1.0,0.0,-1.0,0.0,0.0,-1.0,0.0,-1.0,0.0,-1.0,0.0,-1.0,0.0,-1.0,-999.0,-1.0,0,0.0,-1.0,43.656432096485700,0.04943617158214050,2980.1538945468600,394.81053129791400,18.99582306885560,2.30597547809918,43.656432096485700,0.05769893855333660,2980.1538945468600,405.4134791357580,18.99582306885560,2.696726693113090,3403.4394436687100,71.98351241890920,10.962507697890000,-1.7212859268974300,0.05325591413649020,310,10.243155997031600,1.4011208785570900,44.265103929126400,0.10331434930299800,6634.880859375,2263.358642578130,26.438864837099200,6.4236497651665,-1.561118229986560,0.32610041432753300,280,8.479440505788100,1.086428133323950,300000.0,-1.0,300000.0,-1.0,300000.0,-1.0,300000.0,-1.0,-1102.6384706906800,376.9155603538710,583.8428464290000,320.65103525993000,0.0,-1.0,0.0,-1.0,8.686837453448810,0.046084008157260900,8.709970463425760,0.11512872087966600,8.806328802711190,0.11824793514356200,9.396906892925970,0.29657504456930800,8.806328802711190,0.11824793514356200,-0.391905958075661,0,0.03335998606507610
1375,SDSSJ213109.57+104714.2,8.7,1.651736,0.02691,0.02803,0.01935,0.02298,-0.00272,0.00281,1.0,-26.2527242889054,-1.0,-1,0.0,26.1,0,12539.5578877407,3.86970756415678E+28,30.240880894469,30.6602797578655,0.200008040781333,,,322.789885,10.787284,177.319424470056,46.7230895928902,730,52466,31,213109.57+104714.2,322.7898864746090,10.787283897399900,1.649899959564210,730,31,52466,1048578,1,1,-26.25272428890550,46.54383323230710,0.005928545022946710,0,-1,0.0,-27.026760144129100,-1.0,0.0,-1.0,45.83202600326600,0.005928545022946710,45.956430406116400,0.036513558675761000,0.0,-1.0,0.0,-1.0,0.0,-1.0,0.0,-1.0,0.0,-1.0,0.0,-1.0,0.0,-1.0,0.0,-1.0,0.0,-1.0,0.0,-1.0,0.0,-1.0,0.0,-1.0,0.0,-1.0,-999.0,-1.0,0,0.0,-1.0,0.0,-1.0,0.0,-1.0,0.0,-1.0,0.0,-1.0,0.0,-1.0,0.0,-1.0,0.0,0.0,-1.0,0.0,-1.0,0.0,-1.0,0.0,-1.0,0.0,-1.0,-999.0,-1.0,0,0.0,-1.0,43.79756110935490,0.024222847234952400,5244.6870854098400,588.037678638665,24.691154475921200,1.6208083971417000,43.79045841885650,0.03216277786230750,5244.443074477960,519.5081453577630,24.299607822892800,2.1401443435102800,5244.443074477960,80.87736051492790,11.683288150352100,-1.66179388124068,0.04490149587156920,311,12.050442936676000,1.1750501094968400,44.488313920005700,0.05238874702176940,4953.658203125,1470.277099609380,46.723089592890200,6.361822236471460,-0.11941255762314400,0.4781044647485390,280,7.404910934495430,0.9957696586555580,300000.0,-1.0,300000.0,-1.0,300000.0,-1.0,300000.0,-1.0,-66.70226725404030,580.0321124450060,177.31942447005600,454.4586481507370,0.0,-1.0,0.0,-1.0,9.080404851839380,0.03833071325350450,9.215452165478110,0.09743185455709080,9.315254873519470,0.08611984251522590,9.08676019014193,0.2585280246455050,9.315254873519470,0.08611984251522590,-0.8717921863298910,0,0.005227848835989290
214,SDSSJ215800.38+002724.2,8.5,1.650432,0.04607,0.01364,0.01134,0.03426,-0.00615,0.00294,0.0,-26.9646003518118,-1.0,-2,0.0,25.5,4,12527.3176314172,3.86593022105535E+28,30.2300391056574,30.945030183028,0.340973657875252,,,329.501589,0.456736,776.214009039619,41.691971198919,372,52173,429,215800.38+002724.2,329.5015869140630,0.4567359983921050,1.645300030708310,372,429,52173,1179652,1,0,-26.964600351811800,46.60005598877540,0.006124243487509060,0,0,0.0,-26.96659800452630,-1.0,0.0,-1.0,45.88824875973420,0.006124243487509060,46.152181537478600,0.02584637167810660,0.0,-1.0,0.0,-1.0,0.0,-1.0,0.0,-1.0,0.0,-1.0,0.0,-1.0,0.0,-1.0,0.0,-1.0,0.0,-1.0,0.0,-1.0,0.0,-1.0,0.0,-1.0,0.0,-1.0,-999.0,-1.0,0,0.0,-1.0,0.0,-1.0,0.0,-1.0,0.0,-1.0,0.0,-1.0,0.0,-1.0,0.0,-1.0,0.0,0.0,-1.0,0.0,-1.0,0.0,-1.0,0.0,-1.0,0.0,-1.0,-999.0,-1.0,0,0.0,-1.0,44.01599427599090,0.02256938028592260,3718.5856284883900,388.90627401431900,35.81801666481980,1.9768435803900700,44.00274335884690,0.029446566744137900,3718.5856284883900,473.45778161008700,34.741664103614300,2.157335027930520,6248.687466918510,154.2398017897690,11.091216042898900,-1.6833566811564300,0.03932008600276070,310,13.25467550734650,1.1126215706450000,44.52287933812400,0.047425816949509400,6076.47998046875,793.447021484375,41.69197119891900,5.215664847757250,-1.9825777637921300,0.24425643869123800,280,8.867849204499360,0.9215381687114830,300000.0,-1.0,300000.0,-1.0,300000.0,-1.0,300000.0,-1.0,-396.70549291059800,187.80236004136300,776.2140090396190,133.54491906127300,0.0,-1.0,0.0,-1.0,9.267441816607370,0.037146251937387500,8.944879952886630,0.09089250399613810,9.051469804054730,0.1106556539650790,9.367960357699390,0.11424178840284400,9.051469804054730,0.1106556539650790,-0.5517843603968730,0,0.007509138734783320
7712,SDSSJ234607.49-002908.7,7.6,1.651123,0.03327,0.02152,0.01768,0.03066,-0.00298,-0.00396,0.0,-26.2569926159892,-1.0,-2,0.0,22.8,0,12533.8035891262,3.86793178760435E+28,30.1818267579942,30.661987088699,0.228984709752042,,,356.531222,-0.485763,177.319424470056,55.3419064173302,385,51877,32,234607.49-002908.7,356.5312194824220,-0.4857630133628850,1.6477999687194800,385,32,51877,1179652,2,0,-26.256992615989200,46.49994009255290,0.004305861925292480,0,0,0.0,-27.131245564321100,-1.0,0.0,-1.0,45.7881328635117,0.004305861925292480,45.64501247748860,0.04338039429271850,0.0,-1.0,0.0,-1.0,0.0,-1.0,0.0,-1.0,0.0,-1.0,0.0,-1.0,0.0,-1.0,0.0,-1.0,0.0,-1.0,0.0,-1.0,0.0,-1.0,0.0,-1.0,0.0,-1.0,-999.0,-1.0,0,0.0,-1.0,0.0,-1.0,0.0,-1.0,0.0,-1.0,0.0,-1.0,0.0,-1.0,0.0,-1.0,0.0,0.0,-1.0,0.0,-1.0,0.0,-1.0,0.0,-1.0,0.0,-1.0,-999.0,-1.0,0,0.0,-1.0,43.851821890337700,0.023859956044493200,5049.642744680570,688.7770982046840,32.67084570133170,1.8020279354592300,43.83378107880420,0.025429814052632300,5049.645559662500,596.2511887812030,31.341484636735,1.660682226408080,5230.412151742510,61.70658515860340,7.2845636571102500,-0.8837011005056720,0.04046032077149780,310,10.603194424120500,1.1125806649754600,44.29616934276670,0.03418027790418420,3452.0751953125,873.1976318359380,55.34190641733020,6.01488165911902,0.6458428654422590,0.5121623028245260,281,6.0311882652392800,1.2253502043028800,300000.0,-1.0,300000.0,-1.0,300000.0,-1.0,300000.0,-1.0,-432.3654816339220,214.65044569488400,177.31942447005600,133.83151975625400,0.0,-1.0,0.0,-1.0,9.050864178152540,0.04111352126694780,9.16058773868537,0.11849609680018400,9.255164166511640,0.10259583881088600,8.60801710752241,0.2209080882473480,9.255164166511640,0.10259583881088600,-0.8555946190763070,0,0.009063083227777940
1204,SDSSJ235321.03-085930.6,,1.650869,0.02344,0.0297,0.02141,0.02401,-0.00421,-0.00375,0.0,-26.7265813424809,1.0,1,50580.0,56300.0,1,12531.4193939725,3.86719602497991E+28,33.5742558716324,30.8498225792957,-1.29926094846028,,,358.337649,-8.991838,498.304830790992,45.1714440495944,649,52201,517,235321.03-085930.6,358.337646484375,-8.991838455200200,1.6476000547409100,649,517,52201,3145748,1,0,-26.726581342480900,46.69592480561790,0.009452155740120820,0,2,69.00340231567830,-26.90350298080470,552.5524203656040,0.0,-1.0,45.984117576576700,0.009452155740120820,46.09230344971680,0.014735857290723700,0.0,-1.0,0.0,-1.0,0.0,-1.0,0.0,-1.0,0.0,-1.0,0.0,-1.0,0.0,-1.0,0.0,-1.0,0.0,-1.0,0.0,-1.0,0.0,-1.0,0.0,-1.0,0.0,-1.0,-999.0,-1.0,0,0.0,-1.0,0.0,-1.0,0.0,-1.0,0.0,-1.0,0.0,-1.0,0.0,-1.0,0.0,-1.0,0.0,0.0,-1.0,0.0,-1.0,0.0,-1.0,0.0,-1.0,0.0,-1.0,-999.0,-1.0,0,0.0,-1.0,43.94174244427220,0.017610784517629000,4424.412324382870,495.9210841932350,24.89073869915720,0.9162074211772760,43.936971642593200,0.02060811826994070,4424.412324382870,525.1382016724210,24.618805882806900,1.1121460535120900,6181.619364549050,92.30017968136360,18.871626133452500,-1.283554286909870,0.02939237481194380,310,15.371726984345300,1.0620227990150800,44.54234612629400,0.0345739268439722,7155.40185546875,537.758544921875,45.17144404959440,4.031647793637300,-1.260294808804890,0.22132897317529100,280,9.899271885636340,0.93699561662868,300000.0,-1.0,300000.0,-1.0,300000.0,-1.0,300000.0,-1.0,-358.2567088357950,214.5737647903620,498.3048307909920,133.68814260707500,0.0,-1.0,0.0,-1.0,9.317507395218600,0.04117948273823910,9.143769975089550,0.09747256217958050,9.261864084278750,0.10326017766826600,9.478188886850890,0.06574365613753170,9.261864084278750,0.10326017766826600,-0.6663098237784410,0,0.00909382263550169